molecule_chembl_id,IC50,units,smiles,pIC50
CHEMBL134277,215.0,nM,CC1=CC(C)(C)Nc2ccc3c(c21)/C(=C/c1ccsc1)Oc1ccc(F)cc1-3,6.667561540084395
CHEMBL146794,77.0,nM,CC1(C)C(=O)N(c2ccc(C#N)c(C(F)(F)F)c2)C(=O)N1CCOCCOCc1ccc(O)c(C(N)=O)c1,7.113509274827518
CHEMBL2112885,90.0,nM,COc1cccc2c1C(=O)c1c(O)c3c(c(O)c1C2=O)C[C@@](O)(C(=O)CO)C[C@@H]3OC1C[C@H](NCNC(=O)c2cc(COCC#CCN3C(=O)N(c4ccc(C#N)c(C(F)(F)F)c4)C(=O)C3(C)C)ccc2O)[C@H](O)[C@H](C)O1,7.045757490560675
CHEMBL336353,1500.0,nM,CC1=CC(C)(C)Nc2ccc3c(c21)/C(=C/c1ccccc1N(C)C)Oc1ccc(F)cc1-3,5.823908740944319
CHEMBL413309,900.0,nM,CC1=CC(C)(C)Nc2ccc3c(c21)/C(=C/c1ccccc1)Oc1c(F)cccc1-3,6.045757490560675
CHEMBL27577,1000.0,nM,NC(=O)c1ccccc1O,6.0
CHEMBL717,6.1,nM,CC(=O)O[C@]1(C(C)=O)CC[C@H]2[C@@H]3C[C@H](C)C4=CC(=O)CC[C@]4(C)[C@H]3CC[C@@]21C,8.214670164989233
CHEMBL348495,332.0,nM,CC1(C)C(=O)N(c2ccc(C#N)c(C(F)(F)F)c2)C(=O)N1CCOCCOCCOCc1ccc(O)c(C(N)=O)c1,6.478861916295964
CHEMBL347556,346.0,nM,CC1(C)C(=O)N(c2ccc(C#N)c(C(F)(F)F)c2)C(=O)N1CCOCCN1CCN(CCOCc2ccc(O)c(C(N)=O)c2)CC1,6.460923901207224
CHEMBL336169,258.0,nM,CC1=CC(C)(C)Nc2ccc3c(c21)/C(=C/c1ccco1)Oc1ccc(F)cc1-3,6.58838029403677
CHEMBL806,154.0,nM,CC(C)C(=O)Nc1ccc([N+](=O)[O-])c(C(F)(F)F)c1,6.812479279163537
CHEMBL103,37.0,nM,CC(=O)[C@H]1CC[C@H]2[C@@H]3CCC4=CC(=O)CC[C@]4(C)[C@H]3CC[C@]12C,7.431798275933005
CHEMBL134602,640.0,nM,CC1=CC(C)(C)Nc2ccc3c(c21)/C(=C/c1ccccc1)Oc1ccc(F)cc1-3,6.1938200260161125
CHEMBL1274,9.0,nM,CC1(C)NC(=O)N(c2ccc([N+](=O)[O-])c(C(F)(F)F)c2)C1=O,8.045757490560675
CHEMBL151601,49.0,nM,CC1(C)C(=O)N(c2ccc(C#N)c(C(F)(F)F)c2)C(=O)N1CC#CCOCc1ccc(O)c(C(N)=O)c1,7.309803919971486
CHEMBL132363,203.0,nM,CC1=CC(C)(C)Nc2ccc3c(c21)/C(=C/c1ncccc1C)Oc1ccc(F)cc1-3,6.692503962086787
CHEMBL147457,1000.0,nM,CC1(C)C(=O)N(c2ccc(C#N)c(C(F)(F)F)c2)C(=O)N1CCCCN1CCN(CCOCc2ccc(O)c(C(N)=O)c2)CC1,6.0
CHEMBL336736,820.0,nM,CC1=CC(C)(C)Nc2ccc3c(c21)/C(=C/c1ccccc1C)Oc1ccc(F)cc1-3,6.086186147616283
CHEMBL146858,6.0,nM,CC1(C)NC(=O)N(c2ccc(C#N)c(C(F)(F)F)c2)C1=O,8.221848749616356
CHEMBL1276308,10.0,nM,CC#C[C@]1(O)CC[C@H]2[C@@H]3CCC4=CC(=O)CCC4=C3[C@@H](c3ccc(N(C)C)cc3)C[C@@]21C,8.0
CHEMBL146032,54.0,nM,CC(=O)c1ccc([C@H]2C[C@@]3(C)[C@@H](CC[C@@]3(O)C(F)(F)C(F)(F)F)[C@@H]3CCC4=CC(=O)CCC4=C32)cc1,7.267606240177032
CHEMBL27297,20.0,nM,CCC1CCNc2cc3c(cc21)c(C(F)(F)F)cc(=O)n3C,7.698970004336019
CHEMBL2113247,63.0,nM,C[C@@H]1CNc2cc3nc(O)cc(C(F)(F)F)c3cc2[C@@H]1CCC(F)(F)F,7.200659450546418
CHEMBL27769,10000.0,nM,C[C@]12CCC(=O)C[C@@H]1CC[C@@H]1[C@@H]2CC[C@]2(C)[C@@H](O)CC[C@@H]12,5.0
CHEMBL281028,16.0,nM,CC1(C)CCNc2cc3nc(O)cc(C(F)(F)F)c3cc21,7.795880017344075
CHEMBL281945,61.0,nM,C[C@H]1CNc2cc3nc(O)cc(C(F)(F)F)c3cc2C1CCC(F)(F)F,7.214670164989233
CHEMBL283449,259.0,nM,CC1CCNc2cc3nc(O)cc(C(F)(F)F)c3cc21,6.586700235918748
CHEMBL280865,10000.0,nM,CCCC1CCNc2cc3nc(O)cc(C(F)(F)F)c3cc21,5.0
CHEMBL27413,216.0,nM,CCC1CCN(C)c2cc3c(cc21)c(C(F)(F)F)cc(=O)n3C,6.665546248849069
CHEMBL2113261,10000.0,nM,CC[C@H]1c2cc3c(C(F)(F)F)cc(O)nc3cc2NC[C@H]1C,5.0
CHEMBL282866,73.0,nM,CCC1(CC)CCNc2cc3nc(O)cc(C(F)(F)F)c3cc21,7.136677139879544
CHEMBL2113248,29.0,nM,CC(C)C[C@H]1c2cc3c(C(F)(F)F)cc(O)nc3cc2NC[C@@H]1C,7.5376020021010435
CHEMBL282204,10000.0,nM,CC1c2cc3c(C(F)(F)F)cc(O)nc3cc2NC[C@H]1C,5.0
CHEMBL27372,10000.0,nM,CCC1CCN(C=O)c2cc3nc(O)cc(C(F)(F)F)c3cc21,5.0
CHEMBL286684,12.0,nM,Oc1cc(C(F)(F)F)c2cc3c(cc2n1)NCCC3,7.920818753952375
CHEMBL418198,2710.0,nM,CCC1c2cc3c(C(F)(F)F)cc(O)nc3cc2NC[C@@H]1C,5.567030709125595
CHEMBL282813,10000.0,nM,CC(C)CC1CCNc2cc3nc(O)cc(C(F)(F)F)c3cc21,5.0
CHEMBL27812,10000.0,nM,Oc1cc(C(F)(F)F)c2cc3c(cc2n1)NC[C@@H]1CCC[C@H]31,5.0
CHEMBL431493,10000.0,nM,Oc1cc(C(F)(F)F)c2cc3c(cc2n1)NC[C@@H]1CCCC[C@H]31,5.0
CHEMBL27945,10000.0,nM,CCC1CCN(C)c2cc3nc(O)cc(C(F)(F)F)c3cc21,5.0
CHEMBL390728,4580.0,nM,CCC1CCNc2cc3[nH]c(=O)cc(C(F)(F)F)c3cc21,5.33913452199613
CHEMBL25802,10000.0,nM,Oc1cc(C(F)(F)F)c2cc3c(cc2n1)NC[C@H]1CCCC[C@H]31,5.0
CHEMBL436344,10000.0,nM,CC1c2cc3c(C(F)(F)F)cc(O)nc3cc2NC[C@@H]1C,5.0
CHEMBL285602,251.0,nM,Oc1cc(C(F)(F)F)c2cc3c(cc2n1)NCCC3c1cc(C(F)(F)F)cc(C(F)(F)F)c1,6.600326278518962
CHEMBL27276,10000.0,nM,CC(C)C1CCNc2cc3nc(O)cc(C(F)(F)F)c3cc21,5.0
CHEMBL117465,210.0,nM,CC1=CC(C)(C)Nc2ccc(-c3cc(F)cc(C#N)c3)cc21,6.6777807052660805
CHEMBL335992,494.0,nM,CC1=CC(C)(C)Nc2ccc(-c3csc(C#N)c3)cc21,6.306273051076353
CHEMBL1908373,269.0,nM,CN(C)c1ccc([C@H]2C[C@]3(C)[C@@H](CC[C@]3(O)CCCO)[C@@H]3CCC4=CC(=O)CCC4=C32)cc1,6.570247719997592
CHEMBL351519,22.0,nM,C[C@H]1Nc2cc3c(cc2C1(C)C)c(C(F)(F)F)cc(=O)n3C,7.657577319177793
CHEMBL352456,230.0,nM,CCn1c(=O)cc(C(F)(F)F)c2cc3c(cc21)N[C@@H]1CCCC[C@H]31,6.638272163982407
CHEMBL133656,1460.0,nM,CC1=CC(C)(C)Nc2ccc(-c3ccc([N+](=O)[O-])s3)cc21,5.835647144215563
CHEMBL161980,54.0,nM,C[C@H]1CC[C@@H]2[C@H](C1)c1cc3c(C(F)(F)F)cc(=O)n(C)c3cc1N2C,7.267606240177032
CHEMBL409,157.0,nM,CC(O)(CS(=O)(=O)c1ccc(F)cc1)C(=O)Nc1ccc(C#N)c(C(F)(F)F)c1,6.804100347590766
CHEMBL351465,7.0,nM,C[C@@H]1Cc2cc3c(C(F)(F)F)cc(O)nc3cc2N1,8.154901959985743
CHEMBL165912,27.0,nM,CCCN1c2cc3c(cc2[C@H]2CCCC[C@H]21)c(C(F)(F)F)cc(=O)n3C,7.568636235841013
CHEMBL162503,56.0,nM,Cn1c(=O)cc(C(F)(F)F)c2cc3c(cc21)NCC3,7.251811972993799
CHEMBL132193,1110.0,nM,CC1=CC(C)(C)Nc2ccc(-c3ccc(C#N)s3)cc21,5.954677021213342
CHEMBL162368,26.0,nM,CC1(C)CCC[C@@H]2c3cc4c(C(F)(F)F)cc(O)nc4cc3N[C@@H]21,7.585026652029182
CHEMBL166323,23.0,nM,Oc1cc(C(F)(F)F)c2cc3c(cc2n1)NCC3,7.638272163982407
CHEMBL351022,10.0,nM,CC1(C)CNc2cc3nc(O)cc(C(F)(F)F)c3cc21,8.0
CHEMBL131681,1100.0,nM,CC1(C)Nc2ccc(-c3csc(C#N)c3)cc2C(C)(C)C1=O,5.958607314841775
CHEMBL132889,150.0,nM,Cc1cc(C#N)sc1-c1ccc2c(c1)C(C)(C)C(=O)C(C)(C)N2,6.823908740944319
CHEMBL161892,36.0,nM,CN1c2cc3c(cc2[C@H]2CCCC[C@H]21)c(C(F)(F)F)cc(=O)n3C,7.443697499232712
CHEMBL349631,56.0,nM,C[C@H]1N(C)c2cc3c(cc2C1(C)C)c(C(F)(F)F)cc(=O)n3C,7.251811972993799
CHEMBL163143,53.0,nM,CN1c2cc3c(cc2[C@@]2(C)CCCC[C@@H]12)c(C(F)(F)F)cc(=O)n3C,7.275724130399211
CHEMBL423620,51.0,nM,CC1(C)CCC[C@]2(C)c3cc4c(C(F)(F)F)cc(O)nc4cc3N[C@H]12,7.292429823902063
CHEMBL163142,27.0,nM,CN1c2cc3c(cc2[C@H]2CCCC(C)(C)[C@H]21)c(C(F)(F)F)cc(=O)n3C,7.568636235841013
CHEMBL348918,9182.0,nM,C[C@@H]1c2cc3c(C(F)(F)F)cc(=O)n(C)c3cc2N[C@@H]1C,5.037062711569998
CHEMBL134260,45.0,nM,Cc1cc(C#N)sc1-c1ccc2c(c1)C(C)CC(C)(C)N2,7.346787486224656
CHEMBL165219,48.0,nM,C[C@H]1Nc2cc3nc(O)cc(C(F)(F)F)c3cc2C1(C)C,7.318758762624412
CHEMBL131855,200.0,nM,CC1=CC(C)(C)Nc2ccc(-c3sc(C#N)cc3C)cc21,6.698970004336019
CHEMBL162103,197.0,nM,CN1CCc2cc3c(C(F)(F)F)cc(=O)n(C)c3cc21,6.705533773838407
CHEMBL165803,48.0,nM,C[C@H]1CC[C@H]2Nc3cc4c(cc3[C@H]2C1)c(C(F)(F)F)cc(=O)n4C,7.318758762624412
CHEMBL103,37.0,nM,CC(=O)[C@H]1CC[C@H]2[C@@H]3CCC4=CC(=O)CC[C@]4(C)[C@H]3CC[C@]12C,7.431798275933005
CHEMBL62700,250.0,nM,CC1=CC(C)(C)Nc2ccc3c(c21)/C(=C/Br)Oc1ccc(F)cc1-3,6.6020599913279625
CHEMBL65929,180.0,nM,CC1=CC(C)(C)Nc2ccc3c(c21)C(=C1SCCCS1)Oc1ccc(F)cc1-3,6.7447274948966935
CHEMBL292284,6.1,nM,CC(=O)C[C@]1(C(C)=O)CC[C@H]2C3C[C@H](C)C4=CC(=O)CC[C@]4(C)[C@H]3CC[C@@]21C,8.214670164989233
CHEMBL62981,250.0,nM,CC/C(C)=C1\Oc2ccc(F)cc2-c2ccc3c(c21)C(C)=CC(C)(C)N3,6.6020599913279625
CHEMBL65690,1000.0,nM,CC(C)=C/C=C1\Oc2ccc(F)cc2-c2ccc3c(c21)C(C)=CC(C)(C)N3,6.0
CHEMBL103,37.0,nM,CC(=O)[C@H]1CC[C@H]2[C@@H]3CCC4=CC(=O)CC[C@]4(C)[C@H]3CC[C@]12C,7.431798275933005
CHEMBL1908373,269.0,nM,CN(C)c1ccc([C@H]2C[C@]3(C)[C@@H](CC[C@]3(O)CCCO)[C@@H]3CCC4=CC(=O)CCC4=C32)cc1,6.570247719997592
CHEMBL51093,449.0,nM,C=C1CC[C@@H](Br)C(C)(C)[C@H]1Cc1cc(OC)c(Br)cc1O,6.347753658996677
CHEMBL50023,250.0,nM,C=C1C=C(C)CC(C)(C)C1Cc1ccc([N+](=O)[O-])cc1,6.6020599913279625
CHEMBL1276308,5.0,nM,CC#C[C@]1(O)CC[C@H]2[C@@H]3CCC4=CC(=O)CCC4=C3[C@@H](c3ccc(N(C)C)cc3)C[C@@]21C,8.301029995663981
CHEMBL417729,377.0,nM,C=C1CCCC(C)(C)[C@H]1Cc1cc(OC)c(Br)cc1O,6.423658649794207
CHEMBL51639,238.0,nM,C=C1CC[C@@H](Br)C(C)(C)[C@@H]1Cc1cc(OC)c(Br)cc1O,6.623423042943488
CHEMBL156142,26.0,nM,CC1CC(C)(C)Nc2cc3nc(O)cc(C(F)(F)F)c3cc21,7.585026652029182
CHEMBL313062,5000.0,nM,COc1cc([C@H](O)[C@H]2CCCC3=Cc4c(cnn4-c4ccc(F)cc4)C[C@@]32C)cc(F)c1F,5.301029995663981
CHEMBL346487,36.0,nM,CC1=CC(C)(C)Nc2cc3nc(O)cc(C)c3cc21,7.443697499232712
CHEMBL2112311,10.0,nM,CC[C@H]1c2cc3c(C(F)(F)F)cc(=O)oc3cc2NC[C@H]1C,8.0
CHEMBL2112311,2.0,nM,CC[C@H]1c2cc3c(C(F)(F)F)cc(=O)oc3cc2NC[C@H]1C,8.698970004336019
CHEMBL156806,83.0,nM,CC1(C)Cc2cc3c(C(F)(F)F)cc(O)nc3cc2NC1(C)C,7.080921907623926
CHEMBL81591,5000.0,nM,C[C@]12Cc3cnn(-c4ccc(F)cc4)c3C=C1CCC[C@@H]2[C@@H](O)c1ccccc1,5.301029995663981
CHEMBL160665,30.0,nM,CC1Cc2cc3c(C(F)(F)F)cc(O)nc3cc2NC1(C)C,7.522878745280337
CHEMBL266928,10.0,nM,O=c1cc(C(F)(F)F)c2cc3c(cc2o1)NCCC3C(F)(F)C(F)(F)F,8.0
CHEMBL266928,5.0,nM,O=c1cc(C(F)(F)F)c2cc3c(cc2o1)NCCC3C(F)(F)C(F)(F)F,8.301029995663981
CHEMBL351148,23.0,nM,CCC1(C)CCc2cc3c(C(F)(F)F)cc(O)nc3cc2N1,7.638272163982407
CHEMBL6843,10.0,nM,CCC1CCNc2cc3oc(=O)cc(C(F)(F)F)c3cc21,8.0
CHEMBL6843,1.0,nM,CCC1CCNc2cc3oc(=O)cc(C(F)(F)F)c3cc21,9.0
CHEMBL2112312,10.0,nM,CC[C@@H]1c2cc3c(C(F)(F)F)cc(=O)oc3cc2NC[C@H]1C,8.0
CHEMBL2112312,0.3,nM,CC[C@@H]1c2cc3c(C(F)(F)F)cc(=O)oc3cc2NC[C@H]1C,9.522878745280337
CHEMBL6530,10.0,nM,CCC1CCN(C)c2cc3oc(=O)cc(C(F)(F)F)c3cc21,8.0
CHEMBL6530,276.0,nM,CCC1CCN(C)c2cc3oc(=O)cc(C(F)(F)F)c3cc21,6.559090917934782
CHEMBL79807,5000.0,nM,C[C@]12Cc3cnn(-c4ccc(F)cc4)c3C=C1CCC[C@@H]2[C@@H](O)c1ccc(F)cc1,5.301029995663981
CHEMBL311662,5000.0,nM,C[C@]12Cc3cnn(-c4ccc(F)cc4)c3C=C1CCC[C@@H]2[C@](C)(O)c1ccc(F)cc1,5.301029995663981
CHEMBL345854,35.0,nM,Oc1cc(C(F)(F)F)c2cc3c(cc2n1)NC1(CCCCC1)CC3,7.455931955649724
CHEMBL160230,24.0,nM,CCC1(C)CCc2cc3c(C(F)(F)F)cc(=O)n(C)c3cc2N1C,7.619788758288394
CHEMBL491,15.0,nM,CC(C)(O)C(=O)Nc1ccc([N+](=O)[O-])c(C(F)(F)F)c1,7.823908740944319
CHEMBL415289,10.0,nM,CC1CCNc2cc3oc(=O)cc(C(F)(F)F)c3cc21,8.0
CHEMBL415289,1.0,nM,CC1CCNc2cc3oc(=O)cc(C(F)(F)F)c3cc21,9.0
CHEMBL266473,10.0,nM,CCC1CCc2cc3c(C(F)(F)F)cc(=O)oc3cc2N1,8.0
CHEMBL266473,1.0,nM,CCC1CCc2cc3c(C(F)(F)F)cc(=O)oc3cc2N1,9.0
CHEMBL160250,27.0,nM,CCC1(CC)CCc2cc3c(C(F)(F)F)cc(O)nc3cc2N1,7.568636235841013
CHEMBL7289,10.0,nM,CC1(C)CCc2cc3c(C(F)(F)F)cc(=O)oc3cc2N1,8.0
CHEMBL7289,1.0,nM,CC1(C)CCc2cc3c(C(F)(F)F)cc(=O)oc3cc2N1,9.0
CHEMBL160239,692.0,nM,CCn1c(=O)cc(C(F)(F)F)c2cc3c(cc21)NC(C)(C)C=C3C,6.1598939055432425
CHEMBL346827,36.0,nM,Cn1c(=O)cc(C(F)(F)F)c2cc3c(cc21)NC(C)(C)CC3,7.443697499232712
CHEMBL350465,46.0,nM,CCC1Cc2cc3c(C(F)(F)F)cc(O)nc3cc2NC1(C)C,7.337242168318426
CHEMBL409,10.0,nM,CC(O)(CS(=O)(=O)c1ccc(F)cc1)C(=O)Nc1ccc(C#N)c(C(F)(F)F)c1,8.0
CHEMBL409,117.0,nM,CC(O)(CS(=O)(=O)c1ccc(F)cc1)C(=O)Nc1ccc(C#N)c(C(F)(F)F)c1,6.931814138253839
CHEMBL160713,42.0,nM,CCCC1(C)CCc2cc3c(C(F)(F)F)cc(O)nc3cc2N1,7.376750709602099
CHEMBL157344,57.0,nM,CC1c2cc3c(C(F)(F)F)cc(O)nc3cc2NC(C)(C)C1(C)C,7.2441251443275085
CHEMBL157407,27.0,nM,Cn1c(=O)cc(C(F)(F)F)c2cc3c(cc21)N1CCCC1(C)CC3,7.568636235841013
CHEMBL409,157.0,nM,CC(O)(CS(=O)(=O)c1ccc(F)cc1)C(=O)Nc1ccc(C#N)c(C(F)(F)F)c1,6.804100347590766
CHEMBL268098,10.0,nM,O=c1cc(C(F)(F)F)c2cc3c(cc2o1)NCCC3,8.0
CHEMBL268098,1.0,nM,O=c1cc(C(F)(F)F)c2cc3c(cc2o1)NCCC3,9.0
CHEMBL6654,10.0,nM,CCC1Nc2cc3oc(=O)cc(C(F)(F)F)c3cc2CC1C,8.0
CHEMBL6654,7.0,nM,CCC1Nc2cc3oc(=O)cc(C(F)(F)F)c3cc2CC1C,8.154901959985743
CHEMBL435651,19.0,nM,CN1c2cc3c(cc2CCC1(C)C)c(C(F)(F)F)cc(=O)n3C,7.721246399047171
CHEMBL27769,10.0,nM,C[C@]12CCC(=O)C[C@@H]1CC[C@@H]1[C@@H]2CC[C@]2(C)[C@@H](O)CC[C@@H]12,8.0
CHEMBL27769,4.0,nM,C[C@]12CCC(=O)C[C@@H]1CC[C@@H]1[C@@H]2CC[C@]2(C)[C@@H](O)CC[C@@H]12,8.397940008672037
CHEMBL2052002,10.0,nM,CC[C@H]1CNc2cc3oc(=O)cc(C(F)(F)F)c3cc2[C@@H]1CC,8.0
CHEMBL160923,2413.0,nM,CC1=CC(C)(C)Nc2c1cc1c(C(F)(F)F)cc(=O)n(C)c1c2C,5.617442678091214
CHEMBL6721,10.0,nM,CCC1CC(CC)c2cc3c(C(F)(F)F)cc(=O)oc3cc2N1,8.0
CHEMBL6721,7.0,nM,CCC1CC(CC)c2cc3c(C(F)(F)F)cc(=O)oc3cc2N1,8.154901959985743
CHEMBL267270,10.0,nM,O=c1cc(C(F)(F)F)c2cc3c(cc2o1)NCCC3C(F)(F)F,8.0
CHEMBL267270,2.0,nM,O=c1cc(C(F)(F)F)c2cc3c(cc2o1)NCCC3C(F)(F)F,8.698970004336019
CHEMBL347910,22.0,nM,Cc1c2c(cc3c(C(F)(F)F)cc(O)nc13)C(C)CC(C)(C)N2,7.657577319177793
CHEMBL160386,34.0,nM,CC1=CC(C)(C)Nc2cc3c(cc21)c(C(F)(F)F)cc(=O)n3C,7.468521082957745
CHEMBL157703,23.0,nM,CC1=CC(C)(C)Nc2c1cc1c(C(F)(F)F)cc(O)nc1c2C,7.638272163982407
CHEMBL347870,156.0,nM,CC1=CC(C)(C)N(C)c2cc3nc(O)cc(C(F)(F)F)c3cc21,6.806875401645538
CHEMBL1276308,5.0,nM,CC#C[C@]1(O)CC[C@H]2[C@@H]3CCC4=CC(=O)CCC4=C3[C@@H](c3ccc(N(C)C)cc3)C[C@@]21C,8.301029995663981
CHEMBL6855,10.0,nM,CCCC1CCNc2cc3oc(=O)cc(C(F)(F)F)c3cc21,8.0
CHEMBL6855,5.0,nM,CCCC1CCNc2cc3oc(=O)cc(C(F)(F)F)c3cc21,8.301029995663981
CHEMBL79335,5000.0,nM,C=CCC[C@H](O)[C@H]1CCCC2=Cc3c(cnn3-c3ccc(F)cc3)C[C@@]21C,5.301029995663981
CHEMBL156982,27.0,nM,CCC1CC(C)(C)Nc2cc3nc(O)cc(C(F)(F)F)c3cc21,7.568636235841013
CHEMBL6874,27.0,nM,CC1(C)CCc2cc3c(C(F)(F)F)cc(O)nc3cc2N1,7.568636235841013
CHEMBL422707,48.0,nM,CCC1(C)CCc2cc3c(C(F)(F)F)cc(=O)n(C)c3cc2N1,7.318758762624412
CHEMBL156751,159.0,nM,CC(C)C1CC(C)(C)Nc2cc3nc(O)cc(C(F)(F)F)c3cc21,6.798602875679548
CHEMBL311034,5000.0,nM,C[C@]12Cc3cnn(-c4ccc(F)cc4)c3C=C1CCC[C@@H]2[C@H](O)c1ccc(F)cc1,5.301029995663981
CHEMBL160451,28.0,nM,CC1=CC(C)(C)Nc2cc3nc(O)cc(C(F)(F)F)c3cc21,7.552841968657781
CHEMBL2112216,12.0,nM,CC[C@H]1C[C@@H](C)Nc2cc3oc(=O)cc(C(F)(F)F)c3cc21,7.920818753952375
CHEMBL269305,10.0,nM,CCC1CC(C)c2cc3c(C(F)(F)F)cc(=O)oc3cc2N1,8.0
CHEMBL269305,11.0,nM,CCC1CC(C)c2cc3c(C(F)(F)F)cc(=O)oc3cc2N1,7.958607314841775
CHEMBL349539,68.0,nM,CC1=C(C)C(C)(C)Nc2cc3nc(O)cc(C(F)(F)F)c3cc21,7.167491087293763
CHEMBL160257,7042.0,nM,C[C@@H]1c2cc3c(C(F)(F)F)cc(O)nc3cc2NC(C)(C)[C@H]1C,5.1523039792658345
CHEMBL352002,31.0,nM,Cc1c2c(cc3c(C(F)(F)F)cc(=O)n(C)c13)C(C)CC(C)(C)N2,7.508638306165727
CHEMBL345342,46.0,nM,CC1=CC(C)(C)N(C)c2cc3c(cc21)c(C(F)(F)F)cc(=O)n3C,7.337242168318426
CHEMBL156641,164.0,nM,C[C@H]1c2cc3c(C(F)(F)F)cc(O)nc3cc2NC(C)(C)[C@H]1C,6.785156151952302
CHEMBL156278,73.0,nM,CC1CC(C)(C)Nc2cc3c(cc21)c(C(F)(F)F)cc(=O)n3C,7.136677139879544
CHEMBL350877,58.0,nM,CC1(C)C=Cc2cc3c(C(F)(F)F)cc(O)nc3cc2N1,7.236572006437063
CHEMBL139835,23.0,nM,CC(=O)O[C@]1(C(C)=O)CC[C@H]2[C@@H]3C=C(Cl)C4=CC(=O)[C@@H]5C[C@@H]5[C@]4(C)[C@H]3CC[C@@]21C,7.638272163982407
CHEMBL156312,325.0,nM,CC12CCCN1c1cc3nc(O)cc(C(F)(F)F)c3cc1CC2,6.488116639021126
CHEMBL27769,0.0,nM,C[C@]12CCC(=O)C[C@@H]1CC[C@@H]1[C@@H]2CC[C@]2(C)[C@@H](O)CC[C@@H]12,
CHEMBL302870,0.0,nM,C[C@]1(O)CCC2C3CCC4=CC(=O)CC[C@]4(C)[C@@]3(F)[C@@H](O)C[C@@]21C,
CHEMBL390728,7481.0,nM,CCC1CCNc2cc3[nH]c(=O)cc(C(F)(F)F)c3cc21,5.126040345256647
CHEMBL1276308,89.0,nM,CC#C[C@]1(O)CC[C@H]2[C@@H]3CCC4=CC(=O)CCC4=C3[C@@H](c3ccc(N(C)C)cc3)C[C@@]21C,7.050609993355087
CHEMBL293452,10000.0,nM,COc1cccc2c1-c1ccc(NS(C)(=O)=O)cc1C(c1cc(C)cc(C)c1)O2,5.0
CHEMBL65021,6525.0,nM,COc1cccc2c1-c1ccc(NS(C)(=O)=O)cc1C(c1ccccc1)O2,5.185419483989682
CHEMBL65354,10000.0,nM,COc1cccc2c1-c1ccc(NS(C)(=O)=O)cc1C(c1cccc(F)c1)O2,5.0
CHEMBL294800,10000.0,nM,COc1cccc2c1-c1ccc(NS(C)(=O)=O)cc1C(c1cccc(C)c1)O2,5.0
CHEMBL65695,10000.0,nM,COc1cccc2c1-c1ccc(NS(C)(=O)=O)cc1C(c1cccc(Cl)c1)O2,5.0
CHEMBL66598,10000.0,nM,CCOc1cccc2c1-c1ccc(NS(C)(=O)=O)cc1C(c1ccccc1)O2,5.0
CHEMBL293388,10000.0,nM,COc1cccc2c1-c1ccc(NS(C)(=O)=O)cc1C(c1cccs1)O2,5.0
CHEMBL65221,8727.0,nM,CS(=O)(=O)Nc1ccc2c(c1)C(c1ccccc1)Oc1cccc(OC(F)F)c1-2,5.059135024033278
CHEMBL65868,10000.0,nM,COc1cccc2c1-c1ccc(NS(C)(=O)=O)cc1C(c1ccc(C)cc1)O2,5.0
CHEMBL65657,10000.0,nM,COc1cccc2c1-c1ccc(NS(C)(=O)=O)cc1C(c1ccc(F)cc1)O2,5.0
CHEMBL717,6.1,nM,CC(=O)O[C@]1(C(C)=O)CC[C@H]2[C@@H]3C[C@H](C)C4=CC(=O)CC[C@]4(C)[C@H]3CC[C@@]21C,8.214670164989233
CHEMBL62761,90.0,nM,CC1=CC(C)(C)Nc2ccc3c(c21)COc1c(F)cc(Br)cc1-3,7.045757490560675
CHEMBL63870,395.0,nM,CC1=CC(C)(C)Nc2ccc3c(c21)COc1ccc(Br)cc1-3,6.403402904373539
CHEMBL65079,1248.0,nM,CC1=CC(C)(C)Nc2ccc3c(c21)COc1ccc(F)cc1-3,5.903785414653595
CHEMBL65743,428.0,nM,CC1=CC(C)(C)Nc2ccc3c(c21)COc1c(F)cc(Cl)cc1-3,6.368556230986828
CHEMBL1908373,269.0,nM,CN(C)c1ccc([C@H]2C[C@]3(C)[C@@H](CC[C@]3(O)CCCO)[C@@H]3CCC4=CC(=O)CCC4=C32)cc1,6.570247719997592
CHEMBL137103,1600.0,nM,CC1=CC(C)(C)Nc2ccc3c(c21)/C(=C/c1cc(F)ccc1F)Oc1ccccc1-3,5.795880017344075
CHEMBL64123,788.0,nM,CC1=CC(C)(C)Nc2ccc3c(c21)COc1ccc(Cl)cc1-3,6.103473782510445
CHEMBL134421,650.0,nM,CC1=CC(C)(C)Nc2ccc3c(c21)/C(=C/c1ccccc1)Oc1ccccc1-3,6.187086643357144
CHEMBL293409,63.0,nM,CC1CC(C)(C)Nc2ccc3c(c21)COc1ccc([N+](=O)[O-])cc1-3,7.200659450546418
CHEMBL63788,147.0,nM,CC1CC(C)(C)Nc2ccc3c(c21)COc1c(F)cc(F)cc1-3,6.8326826652518236
CHEMBL342426,916.0,nM,CC1=CC(C)(C)Nc2ccc3c(c21)/C(=C/c1ccc(F)c(F)c1)Oc1ccccc1-3,6.03810452633215
CHEMBL1276308,8.3,nM,CC#C[C@]1(O)CC[C@H]2[C@@H]3CCC4=CC(=O)CCC4=C3[C@@H](c3ccc(N(C)C)cc3)C[C@@]21C,8.080921907623926
CHEMBL32812,795.0,nM,CC1=CC(C)(C)Nc2ccc3c(c21)/C(=C/c1cccc(F)c1)Oc1ccccc1-3,6.0996328713435295
CHEMBL302362,1062.0,nM,CC1=CC(C)(C)Nc2ccc3c(c21)/C(=C/c1ccccc1C)Oc1ccccc1-3,5.97387548325455
CHEMBL418684,644.0,nM,CC1=CC(C)(C)Nc2ccc3c(c21)COc1c(F)cc(F)cc1-3,6.1911141326401875
CHEMBL64294,60.0,nM,CC1=CC(C)(C)Nc2ccc3c(c21)COc1ccc([N+](=O)[O-])cc1-3,7.221848749616356
CHEMBL103,37.0,nM,CC(=O)[C@H]1CC[C@H]2[C@@H]3CCC4=CC(=O)CC[C@]4(C)[C@H]3CC[C@]12C,7.431798275933005
CHEMBL62227,60.0,nM,CC1=CC(C)(C)Nc2ccc3c(c21)COc1c(F)cc(C#N)cc1-3,7.221848749616356
CHEMBL268326,15.0,nM,C[C@@H]1C[C@H](C)c2cc3c(C(F)(F)F)cc(O)nc3cc2N1,7.823908740944319
CHEMBL7058,74.0,nM,C[C@@H]1Cc2cc3c(C(F)(F)F)cc(O)nc3cc2N[C@@H]1C,7.130768280269024
CHEMBL7455,11.0,nM,CC[C@H]1Nc2cc3nc(O)cc(C(F)(F)F)c3cc2C[C@@H]1C,7.958607314841775
CHEMBL7373,137.0,nM,CC[C@@H]1C[C@H](C)c2cc3c(C(F)(F)F)cc(O)nc3cc2N1,6.863279432843593
CHEMBL7053,10000.0,nM,CC[C@H]1Cc2cc3c(C(F)(F)F)cc(O)nc3cc2N[C@@H]1C,5.0
CHEMBL7177,11.0,nM,CC[C@@H]1CCc2cc3c(C(F)(F)F)cc(O)nc3cc2N1,7.958607314841775
CHEMBL7421,10000.0,nM,CC[C@@H]1Cc2cc3c(C(F)(F)F)cc(O)nc3cc2N[C@@H]1CC,5.0
CHEMBL6983,33.0,nM,C[C@H]1Cc2cc3c(C(F)(F)F)cc(O)nc3cc2N[C@@H]1C,7.481486060122112
CHEMBL6874,27.0,nM,CC1(C)CCc2cc3c(C(F)(F)F)cc(O)nc3cc2N1,7.568636235841013
CHEMBL7089,15.0,nM,CC[C@H]1Nc2cc3nc(O)cc(C(F)(F)F)c3cc2C[C@H]1C,7.823908740944319
CHEMBL427957,10000.0,nM,CC[C@H]1C[C@@H](C)Nc2cc3nc(O)cc(C(F)(F)F)c3cc21,5.0
CHEMBL6959,10000.0,nM,CC[C@H]1Cc2cc3c(C(F)(F)F)cc(O)nc3cc2N[C@@H]1CC,5.0
CHEMBL6689,42.0,nM,CC[C@H]1Nc2cc3nc(O)cc(C(F)(F)F)c3cc2CC1(C)C,7.376750709602099
CHEMBL266269,10000.0,nM,CC[C@@H]1Cc2cc3c(C(F)(F)F)cc(O)nc3cc2N[C@@H]1C,5.0
CHEMBL268569,32.0,nM,CCC[C@@H]1CCc2cc3c(C(F)(F)F)cc(O)nc3cc2N1,7.494850021680094
CHEMBL267850,25.0,nM,CC(C)[C@@H]1CCc2cc3c(C(F)(F)F)cc(O)nc3cc2N1,7.6020599913279625
CHEMBL7383,10000.0,nM,CC[C@@H]1C[C@H](CC)c2cc3c(C(F)(F)F)cc(O)nc3cc2N1,5.0
CHEMBL267471,48.0,nM,CC[C@H]1Nc2cc3nc(O)cc(C(F)(F)F)c3cc2CC1(CC)CC,7.318758762624412
CHEMBL267141,19.0,nM,C[C@@H]1CCc2cc3c(C(F)(F)F)cc(O)nc3cc2N1,7.721246399047171
CHEMBL27769,10000.0,nM,C[C@]12CCC(=O)C[C@@H]1CC[C@@H]1[C@@H]2CC[C@]2(C)[C@@H](O)CC[C@@H]12,5.0
CHEMBL267907,24.0,nM,C[C@H]1Nc2cc3nc(O)cc(C(F)(F)F)c3cc2CC1(C)C,7.619788758288394
CHEMBL7231,10000.0,nM,CCC[C@H]1Cc2cc3c(C(F)(F)F)cc(O)nc3cc2N[C@@H]1CC,5.0
CHEMBL2112349,15.0,nM,CC(C)(O)C(=O)Nc1ccc([N+](=O)[O-])c(C(F)(F)F)c1O,7.823908740944319
CHEMBL134242,751.0,nM,CSc1cc(C(F)(F)F)c2cc3c(cc2n1)NC(C)(C)CC3,6.124360062995832
CHEMBL133715,1866.0,nM,CCCCSc1cc(C(F)(F)F)c2cc3c(cc2n1)NC(C)(C)CC3,5.729088360589519
CHEMBL132516,336.0,nM,CC1=CC(C)(C)N(C)c2cc3nc(Cl)cc(C(F)(F)F)c3cc21,6.4736607226101555
CHEMBL133054,244.0,nM,Cc1c2c(cc3c(C(F)(F)F)ccnc13)C(C)CC(C)(C)N2,6.61261017366127
CHEMBL133329,1159.0,nM,CC1(C)CCc2cc3c(C(F)(F)F)cc(N)nc3cc2N1,5.935916564036404
CHEMBL134303,636.0,nM,CC1(C)CCc2cc3c(C(F)(F)F)cc(N(S(C)(=O)=O)S(C)(=O)=O)nc3cc2N1,6.196542884351586
CHEMBL335948,10000.0,nM,CNc1cc(C(F)(F)F)c2cc3c(cc2n1)NC(C)(C)CC3,5.0
CHEMBL132295,335.0,nM,CCCC[S+]([O-])c1cc(C(F)(F)F)c2cc3c(cc2n1)NC(C)(C)CC3,6.474955192963154
CHEMBL133792,30.0,nM,CC1(C)CCc2cc3c(C(F)(F)F)cc(Cl)nc3cc2N1,7.522878745280337
CHEMBL132427,45.0,nM,CN1c2cc3nc(C#N)cc(C(F)(F)F)c3cc2CCC1(C)C,7.346787486224656
CHEMBL134140,72.0,nM,CC1(C)CCc2cc3c(C(F)(F)F)cc(Br)nc3cc2N1,7.142667503568732
CHEMBL335316,9.0,nM,CC1(C)CCc2cc3c(C(F)(F)F)cc(C#N)nc3cc2N1,8.045757490560675
CHEMBL134180,503.0,nM,CC1(C)CCc2cc3c(C(F)(F)F)cc(NS(C)(=O)=O)nc3cc2N1,6.298432014944073
CHEMBL134056,785.0,nM,Cc1c2c(cc3c(C(F)(F)F)cc(Br)nc13)C(C)CC(C)(C)N2,6.105130343254747
CHEMBL6874,27.0,nM,CC1(C)CCc2cc3c(C(F)(F)F)cc(O)nc3cc2N1,7.568636235841013
CHEMBL133331,30.0,nM,CC1=CC(C)(C)Nc2cc3nc(Cl)cc(C(F)(F)F)c3cc21,7.522878745280337
CHEMBL131963,675.0,nM,Cc1c2c(cc3c(C(F)(F)F)cc(Cl)nc13)C(C)CC(C)(C)N2,6.170696227168975
CHEMBL132131,10000.0,nM,CN(C)c1cc(C(F)(F)F)c2cc3c(cc2n1)NC(C)(C)CC3,5.0
CHEMBL409,338.0,nM,CC(O)(CS(=O)(=O)c1ccc(F)cc1)C(=O)Nc1ccc(C#N)c(C(F)(F)F)c1,6.471083299722345
CHEMBL133503,22.0,nM,CC1(C)CCc2cc3c(C(F)(F)F)cc(F)nc3cc2N1,7.657577319177793
CHEMBL134117,3217.0,nM,COc1ccc(CNc2cc(C(F)(F)F)c3cc4c(cc3n2)NC(C)(C)CC4)cc1,5.49254893909803
CHEMBL338922,212.0,nM,CC1(C)CCc2cc3c(C(F)(F)F)ccnc3cc2N1,6.673664139071248
CHEMBL133289,251.0,nM,CN1c2cc3nc(Cl)cc(C(F)(F)F)c3cc2CCC1(C)C,6.600326278518962
CHEMBL132354,889.0,nM,CC1(C)CCc2cc3c(C(F)(F)F)cc(SCC(F)(F)F)nc3cc2N1,6.051098239029786
CHEMBL132635,479.0,nM,CC1(C)CCc2cc3c(C(F)(F)F)cc(S(C)(=O)=O)nc3cc2N1,6.319664486585437
CHEMBL133825,1448.0,nM,Cc1c2c(cc3c(C(F)(F)F)cc(F)nc13)C(C)CC(C)(C)N2,5.839231438138872
CHEMBL132803,31.0,nM,CC1=CC(C)(C)Nc2cc3nc(F)cc(C(F)(F)F)c3cc21,7.508638306165727
CHEMBL132609,725.0,nM,CN1c2cc3nccc(C(F)(F)F)c3cc2CCC1(C)C,6.139661993429006
CHEMBL491,43.0,nM,CC(C)(O)C(=O)Nc1ccc([N+](=O)[O-])c(C(F)(F)F)c1,7.366531544420414
CHEMBL134209,63.0,nM,C[S+]([O-])c1cc(C(F)(F)F)c2cc3c(cc2n1)NC(C)(C)CC3,7.200659450546418
CHEMBL132205,467.0,nM,CC1(C)CCc2cc3c(C(F)(F)F)cc(C(F)(F)F)nc3cc2N1,6.330683119433888
CHEMBL133465,172.0,nM,CN1c2cc3nc(F)cc(C(F)(F)F)c3cc2CCC1(C)C,6.764471553092451
CHEMBL133167,72.0,nM,CN1c2cc3nc(Br)cc(C(F)(F)F)c3cc2CCC1(C)C,7.142667503568732
CHEMBL136322,1292.0,nM,CC1(C)OC(=O)Nc2ccc(-c3cc(F)cc(C#N)c3)cc21,5.8887374863409345
CHEMBL343306,207.0,nM,CC1(C)OC(=O)Nc2ccc(-c3ccc(F)c(Cl)c3)cc21,6.684029654543083
CHEMBL1276308,5.0,nM,CC#C[C@]1(O)CC[C@H]2[C@@H]3CCC4=CC(=O)CCC4=C3[C@@H](c3ccc(N(C)C)cc3)C[C@@]21C,8.301029995663981
CHEMBL139749,280.0,nM,CC1(C)OC(=O)Nc2ccc(-c3csc(C#N)c3)cc21,6.552841968657781
CHEMBL138059,129.0,nM,CC1(C)OC(=O)Nc2ccc(-c3coc(C#N)c3)cc21,6.889410289700751
CHEMBL101914,745.0,nM,CC1=CC(C)(C)Nc2ccc3c(c21)C(c1ccccc1)Oc1ccccc1-3,6.127843727251707
CHEMBL103232,481.0,nM,CC1=CC(C)(C)Nc2ccc3c(c21)C(c1ccc(Br)cc1)Oc1ccccc1-3,6.317854923626168
CHEMBL318513,315.0,nM,CC1=CC(C)(C)Nc2ccc3c(c21)C(c1cccc(C(F)(F)F)c1)Oc1ccccc1-3,6.501689446210399
CHEMBL103092,1220.0,nM,CC1=CC(C)(C)Nc2ccc3c(c21)C(c1ccc(C)c(F)c1)Oc1ccccc1-3,5.913640169325252
CHEMBL320690,253.0,nM,CC1=CC(C)(C)Nc2ccc3c(c21)C(c1cccc(Cl)c1)Oc1ccccc1-3,6.5968794788241825
CHEMBL317921,946.0,nM,CC1=CC(C)(C)Nc2ccc3c(c21)C(c1ccc(Cl)c(Cl)c1)Oc1ccccc1-3,6.024108863598207
CHEMBL286595,1550.0,nM,CC1=CC(C)(C)Nc2ccc3c(c21)C(c1ccc(Cl)cc1)Oc1ccccc1-3,5.809668301829708
CHEMBL101907,1236.0,nM,CC1=CC(C)(C)Nc2ccc3c(c21)C(c1cc(C)cc(Br)c1)Oc1ccccc1-3,5.907981529247203
CHEMBL103,37.0,nM,CC(=O)[C@H]1CC[C@H]2[C@@H]3CCC4=CC(=O)CC[C@]4(C)[C@H]3CC[C@]12C,7.431798275933005
CHEMBL102754,2205.0,nM,CC1=CC(C)(C)Nc2ccc3c(c21)C(c1ccc(Cl)c(F)c1)Oc1ccccc1-3,5.656591406196143
CHEMBL102720,1426.0,nM,CC1=CC(C)(C)Nc2ccc3c(c21)C(c1ccc(Cl)c(C)c1)Oc1ccccc1-3,5.8458804744841535
CHEMBL102403,1239.0,nM,CC1=CC(C)(C)Nc2ccc3c(c21)C(c1ccc(C)cc1)Oc1ccccc1-3,5.906928693623937
CHEMBL430855,401.0,nM,CC1=CC(C)(C)Nc2ccc3c(c21)C(c1cccc(Br)c1)Oc1ccccc1-3,6.396855627379818
CHEMBL102541,1089.0,nM,CC1=CC(C)(C)Nc2ccc3c(c21)C(c1cc(Cl)cc(Cl)c1)Oc1ccccc1-3,5.962972120244225
CHEMBL308938,1000.0,nM,N#Cc1cccc(-c2ccc3c(c2)C2(CCCCC2)C(=O)N3)c1,6.0
CHEMBL70381,300.0,nM,Cc1c(NS(C)(=O)=O)cccc1N(Cc1ccccc1)Cc1ccc(Cl)cc1F,6.522878745280337
CHEMBL419633,170.0,nM,Cc1c(NS(C)(=O)=O)cccc1N(Cc1ccccc1)Cc1ccccc1,6.769551078621726
CHEMBL367364,317.0,nM,O=C1[C@@H]2C3CCC(C3)[C@@H]2C(=O)N1c1cccc(C(F)(F)F)c1,6.498940737782249
CHEMBL367364,12.0,nM,O=C1[C@@H]2C3CCC(C3)[C@@H]2C(=O)N1c1cccc(C(F)(F)F)c1,7.920818753952375
CHEMBL367364,205.0,nM,O=C1[C@@H]2C3CCC(C3)[C@@H]2C(=O)N1c1cccc(C(F)(F)F)c1,6.688246138944246
CHEMBL368906,119.0,nM,O=C1[C@@H]2C3C=CC(C3)[C@@H]2C(=O)N1c1ccc([N+](=O)[O-])c(C(F)(F)F)c1,6.924453038607469
CHEMBL178333,12.0,nM,O=C1[C@@H]2C3CCC(C3)[C@@H]2C(=O)N1c1ccc([N+](=O)[O-])c(C(F)(F)F)c1,7.920818753952375
CHEMBL178333,114.0,nM,O=C1[C@@H]2C3CCC(C3)[C@@H]2C(=O)N1c1ccc([N+](=O)[O-])c(C(F)(F)F)c1,6.943095148663527
CHEMBL361222,146.0,nM,O=C1[C@@H]2C3C=CC(C3)[C@@H]2C(=O)N1c1ccc(Br)c(C(F)(F)F)c1,6.835647144215563
CHEMBL182236,220.0,nM,Cc1cc(N2C(=O)[C@@H]3C4C=CC(C4)[C@@H]3C2=O)ccc1Br,6.657577319177793
CHEMBL180859,517.0,nM,O=C1[C@@H]2C3C=CC(C3)[C@@H]2C(=O)N1c1ccc(F)c(Cl)c1,6.286509456906058
CHEMBL180859,33.0,nM,O=C1[C@@H]2C3C=CC(C3)[C@@H]2C(=O)N1c1ccc(F)c(Cl)c1,7.481486060122112
CHEMBL180859,132.0,nM,O=C1[C@@H]2C3C=CC(C3)[C@@H]2C(=O)N1c1ccc(F)c(Cl)c1,6.87942606879415
CHEMBL366924,2014.0,nM,Cc1ccc(N2C(=O)[C@@H]3C4C=CC(C4)[C@@H]3C2=O)cc1C,5.695940533782401
CHEMBL366924,10.0,nM,Cc1ccc(N2C(=O)[C@@H]3C4C=CC(C4)[C@@H]3C2=O)cc1C,8.0
CHEMBL366924,96.0,nM,Cc1ccc(N2C(=O)[C@@H]3C4C=CC(C4)[C@@H]3C2=O)cc1C,7.017728766960431
CHEMBL181571,5.0,nM,O=C1[C@@H]2C3C=CC(C3)[C@@H]2C(=O)N1c1ccc([N+](=O)[O-])c2ccccc12,8.301029995663981
CHEMBL178957,1746.0,nM,O=C1[C@@H]2C3C=CC(C3)[C@@H]2C(=O)N1c1cc(C(F)(F)F)cc(C(F)(F)F)c1,5.757955760630449
CHEMBL178957,72.0,nM,O=C1[C@@H]2C3C=CC(C3)[C@@H]2C(=O)N1c1cc(C(F)(F)F)cc(C(F)(F)F)c1,7.142667503568732
CHEMBL178957,198.0,nM,O=C1[C@@H]2C3C=CC(C3)[C@@H]2C(=O)N1c1cc(C(F)(F)F)cc(C(F)(F)F)c1,6.703334809738469
CHEMBL178886,307.0,nM,O=C1[C@@H]2C3C=CC(C3)[C@@H]2C(=O)N1c1cc(Cl)cc(Cl)c1,6.512861624522813
CHEMBL178886,41.0,nM,O=C1[C@@H]2C3C=CC(C3)[C@@H]2C(=O)N1c1cc(Cl)cc(Cl)c1,7.3872161432802645
CHEMBL178886,180.0,nM,O=C1[C@@H]2C3C=CC(C3)[C@@H]2C(=O)N1c1cc(Cl)cc(Cl)c1,6.7447274948966935
CHEMBL181722,1038.0,nM,O=C1[C@@H]2C3C=CC(C3)[C@@H]2C(=O)N1c1ccc2cccnc2c1,5.983802646487561
CHEMBL181722,52.0,nM,O=C1[C@@H]2C3C=CC(C3)[C@@H]2C(=O)N1c1ccc2cccnc2c1,7.2839966563652006
CHEMBL181722,234.0,nM,O=C1[C@@H]2C3C=CC(C3)[C@@H]2C(=O)N1c1ccc2cccnc2c1,6.6307841425898575
CHEMBL181674,1210.0,nM,O=C1[C@@H]2C3C=CC(C3)[C@@H]2C(=O)N1c1ccc2ccccc2c1,5.91721462968355
CHEMBL181674,84.0,nM,O=C1[C@@H]2C3C=CC(C3)[C@@H]2C(=O)N1c1ccc2ccccc2c1,7.075720713938118
CHEMBL181674,265.0,nM,O=C1[C@@H]2C3C=CC(C3)[C@@H]2C(=O)N1c1ccc2ccccc2c1,6.576754126063192
CHEMBL369509,418.0,nM,O=C1[C@@H]2C3C=CC(C3)[C@@H]2C(=O)N1c1ccc(O)c2ncccc12,6.3788237182249645
CHEMBL369509,1790.0,nM,O=C1[C@@H]2C3C=CC(C3)[C@@H]2C(=O)N1c1ccc(O)c2ncccc12,5.747146969020107
CHEMBL369509,3639.0,nM,O=C1[C@@H]2C3C=CC(C3)[C@@H]2C(=O)N1c1ccc(O)c2ncccc12,5.439017944413765
CHEMBL409,173.0,nM,CC(O)(CS(=O)(=O)c1ccc(F)cc1)C(=O)Nc1ccc(C#N)c(C(F)(F)F)c1,6.761953896871205
CHEMBL409,400.0,nM,CC(O)(CS(=O)(=O)c1ccc(F)cc1)C(=O)Nc1ccc(C#N)c(C(F)(F)F)c1,6.3979400086720375
CHEMBL409,725.0,nM,CC(O)(CS(=O)(=O)c1ccc(F)cc1)C(=O)Nc1ccc(C#N)c(C(F)(F)F)c1,6.139661993429006
CHEMBL491,26.0,nM,CC(C)(O)C(=O)Nc1ccc([N+](=O)[O-])c(C(F)(F)F)c1,7.585026652029182
CHEMBL359911,1200.0,nM,O=C1[C@@H]2C3CCC(C3)[C@@H]2C(=O)N1c1ccc2ccccc2c1,5.920818753952375
CHEMBL359911,84.0,nM,O=C1[C@@H]2C3CCC(C3)[C@@H]2C(=O)N1c1ccc2ccccc2c1,7.075720713938118
CHEMBL359911,265.0,nM,O=C1[C@@H]2C3CCC(C3)[C@@H]2C(=O)N1c1ccc2ccccc2c1,6.576754126063192
CHEMBL182186,664.0,nM,O=C1[C@@H]2C3C=CC(C3)[C@@H]2C(=O)N1c1ccc([N+](=O)[O-])cc1,6.1778319206319825
CHEMBL182186,30.0,nM,O=C1[C@@H]2C3C=CC(C3)[C@@H]2C(=O)N1c1ccc([N+](=O)[O-])cc1,7.522878745280337
CHEMBL182186,179.0,nM,O=C1[C@@H]2C3C=CC(C3)[C@@H]2C(=O)N1c1ccc([N+](=O)[O-])cc1,6.747146969020107
CHEMBL178469,744.0,nM,O=C1[C@@H]2C3C=CC(C3)[C@@H]2C(=O)N1c1cccc(C(F)(F)F)c1,6.128427064454121
CHEMBL178469,35.0,nM,O=C1[C@@H]2C3C=CC(C3)[C@@H]2C(=O)N1c1cccc(C(F)(F)F)c1,7.455931955649724
CHEMBL178469,410.0,nM,O=C1[C@@H]2C3C=CC(C3)[C@@H]2C(=O)N1c1cccc(C(F)(F)F)c1,6.3872161432802645
CHEMBL367364,127.0,nM,O=C1[C@@H]2C3CCC(C3)[C@@H]2C(=O)N1c1cccc(C(F)(F)F)c1,6.896196279044043
CHEMBL367364,7.0,nM,O=C1[C@@H]2C3CCC(C3)[C@@H]2C(=O)N1c1cccc(C(F)(F)F)c1,8.154901959985743
CHEMBL427502,5240.0,nM,Cc1cc(N2C(=O)[C@@H]3C4C=CC([C@H](O)[C@@H]4O)[C@@H]3C2=O)ccc1Br,5.280668713016273
CHEMBL427502,59.0,nM,Cc1cc(N2C(=O)[C@@H]3C4C=CC([C@H](O)[C@@H]4O)[C@@H]3C2=O)ccc1Br,7.229147988357855
CHEMBL184981,150.0,nM,O=C1[C@@H]2C3C=CC(CC3)[C@@H]2C(=O)N1c1ccc(Cl)c(Cl)c1,6.823908740944319
CHEMBL183173,4030.0,nM,CN1C(=O)C2C=CC1[C@@H]1C(=O)N(c3ccc([N+](=O)[O-])c4ccccc34)C(=O)[C@H]21,5.394694953858891
CHEMBL183173,631.0,nM,CN1C(=O)C2C=CC1[C@@H]1C(=O)N(c3ccc([N+](=O)[O-])c4ccccc34)C(=O)[C@H]21,6.199970640755866
CHEMBL183173,8460.0,nM,CN1C(=O)C2C=CC1[C@@H]1C(=O)N(c3ccc([N+](=O)[O-])c4ccccc34)C(=O)[C@H]21,5.0726296369609765
CHEMBL409,173.0,nM,CC(O)(CS(=O)(=O)c1ccc(F)cc1)C(=O)Nc1ccc(C#N)c(C(F)(F)F)c1,6.761953896871205
CHEMBL409,400.0,nM,CC(O)(CS(=O)(=O)c1ccc(F)cc1)C(=O)Nc1ccc(C#N)c(C(F)(F)F)c1,6.3979400086720375
CHEMBL409,725.0,nM,CC(O)(CS(=O)(=O)c1ccc(F)cc1)C(=O)Nc1ccc(C#N)c(C(F)(F)F)c1,6.139661993429006
CHEMBL491,26.0,nM,CC(C)(O)C(=O)Nc1ccc([N+](=O)[O-])c(C(F)(F)F)c1,7.585026652029182
CHEMBL182593,307.0,nM,O=C1[C@@H]2C3C=CC(C3)[C@@H]2C(=O)N1c1ccc(Cl)c(Cl)c1,6.512861624522813
CHEMBL182593,41.0,nM,O=C1[C@@H]2C3C=CC(C3)[C@@H]2C(=O)N1c1ccc(Cl)c(Cl)c1,7.3872161432802645
CHEMBL182593,180.0,nM,O=C1[C@@H]2C3C=CC(C3)[C@@H]2C(=O)N1c1ccc(Cl)c(Cl)c1,6.7447274948966935
CHEMBL178333,12.0,nM,O=C1[C@@H]2C3CCC(C3)[C@@H]2C(=O)N1c1ccc([N+](=O)[O-])c(C(F)(F)F)c1,7.920818753952375
CHEMBL361445,224.0,nM,O=C1[C@@H]2C3C=CC(CC3)[C@@H]2C(=O)N1c1ccc([N+](=O)[O-])c2ccccc12,6.649751981665837
CHEMBL182412,196.0,nM,O=C1[C@@H]2C3C=CC(CC3)[C@@H]2C(=O)N1c1cccc(C(F)(F)F)c1,6.707743928643524
CHEMBL182412,66.0,nM,O=C1[C@@H]2C3C=CC(CC3)[C@@H]2C(=O)N1c1cccc(C(F)(F)F)c1,7.180456064458132
CHEMBL182412,0.4,nM,O=C1[C@@H]2C3C=CC(CC3)[C@@H]2C(=O)N1c1cccc(C(F)(F)F)c1,9.397940008672037
CHEMBL369542,49.0,nM,O=C1[C@@H]2C3C=CC(CCC3)[C@@H]2C(=O)N1c1ccc([N+](=O)[O-])c2ccccc12,7.309803919971486
CHEMBL183882,658.0,nM,O=C1[C@@H]2C3CCCC(CC3)[C@@H]2C(=O)N1c1cccc(C(F)(F)F)c1,6.181774106386045
CHEMBL183882,23.0,nM,O=C1[C@@H]2C3CCCC(CC3)[C@@H]2C(=O)N1c1cccc(C(F)(F)F)c1,7.638272163982407
CHEMBL183882,179.0,nM,O=C1[C@@H]2C3CCCC(CC3)[C@@H]2C(=O)N1c1cccc(C(F)(F)F)c1,6.747146969020107
CHEMBL367375,786.0,nM,O=C1[C@@H]2C3C=CC([C@H]4C[C@@H]34)[C@@H]2C(=O)N1c1ccc([N+](=O)[O-])c2ccccc12,6.104577453960592
CHEMBL182993,1700.0,nM,O=C1[C@@H]2C3C=CC([C@H]4C[C@@H]34)[C@@H]2C(=O)N1c1cccc(C(F)(F)F)c1,5.769551078621726
CHEMBL182993,30.0,nM,O=C1[C@@H]2C3C=CC([C@H]4C[C@@H]34)[C@@H]2C(=O)N1c1cccc(C(F)(F)F)c1,7.522878745280337
CHEMBL182993,148.0,nM,O=C1[C@@H]2C3C=CC([C@H]4C[C@@H]34)[C@@H]2C(=O)N1c1cccc(C(F)(F)F)c1,6.8297382846050425
CHEMBL180681,68.0,nM,Cc1cc(N2C(=O)[C@@H]3C4C=CC(CC4)[C@@H]3C2=O)ccc1Br,7.167491087293763
CHEMBL187605,770.0,nM,CC(C)(C)OC(=O)N1C[C@@H]2C[C@H]1[C@@H]1C(=O)N(c3ccc(C#N)c(C(F)(F)F)c3)C(=O)N21,6.113509274827518
CHEMBL187605,4380.0,nM,CC(C)(C)OC(=O)N1C[C@@H]2C[C@H]1[C@@H]1C(=O)N(c3ccc(C#N)c(C(F)(F)F)c3)C(=O)N21,5.3585258894959
CHEMBL414845,640.0,nM,CC(C)(C)OC(=O)N1C[C@@H]2C[C@H]1[C@H]1C(=O)N(c3ccc(C#N)c(C(F)(F)F)c3)C(=O)N21,6.1938200260161125
CHEMBL414845,5000.0,nM,CC(C)(C)OC(=O)N1C[C@@H]2C[C@H]1[C@H]1C(=O)N(c3ccc(C#N)c(C(F)(F)F)c3)C(=O)N21,5.301029995663981
CHEMBL188681,5000.0,nM,CC(C)(C)OC(=O)N1C[C@H]2C[C@@H]1[C@H]1C(=O)N(c3ccc(C#N)c(C(F)(F)F)c3)C(=O)N21,5.301029995663981
CHEMBL188681,5000.0,nM,CC(C)(C)OC(=O)N1C[C@H]2C[C@@H]1[C@H]1C(=O)N(c3ccc(C#N)c(C(F)(F)F)c3)C(=O)N21,5.301029995663981
CHEMBL188129,3320.0,nM,CC(C)(C)OC(=O)N1C[C@@H]2C[C@H]1[C@@H]1C(=O)N(c3ccc([N+](=O)[O-])c4ccccc34)C(=O)N21,5.478861916295964
CHEMBL188129,4430.0,nM,CC(C)(C)OC(=O)N1C[C@@H]2C[C@H]1[C@@H]1C(=O)N(c3ccc([N+](=O)[O-])c4ccccc34)C(=O)N21,5.3535962737769305
CHEMBL188545,1330.0,nM,CC(C)(C)OC(=O)N1C[C@@H]2C[C@H]1[C@H]1C(=O)N(c3ccc([N+](=O)[O-])c4ccccc34)C(=O)N21,5.876148359032914
CHEMBL188545,5860.0,nM,CC(C)(C)OC(=O)N1C[C@@H]2C[C@H]1[C@H]1C(=O)N(c3ccc([N+](=O)[O-])c4ccccc34)C(=O)N21,5.23210238398191
CHEMBL364393,250.0,nM,CC(C)(C)OC(=O)N1C[C@H]2C[C@@H]1[C@H]1C(=O)N(c3ccc([N+](=O)[O-])cc3)C(=O)N21,6.6020599913279625
CHEMBL364393,2390.0,nM,CC(C)(C)OC(=O)N1C[C@H]2C[C@@H]1[C@H]1C(=O)N(c3ccc([N+](=O)[O-])cc3)C(=O)N21,5.621602099051862
CHEMBL188803,2540.0,nM,CC(C)(C)OC(=O)N1C[C@@H]2C[C@H]1[C@@H]1C(=O)N(c3ccc(C#N)cc3)C(=O)N21,5.5951662833800615
CHEMBL188803,4970.0,nM,CC(C)(C)OC(=O)N1C[C@@H]2C[C@H]1[C@@H]1C(=O)N(c3ccc(C#N)cc3)C(=O)N21,5.303643611266668
CHEMBL188857,5000.0,nM,CC(C)(C)OC(=O)N1C[C@@H]2C[C@H]1[C@H]1C(=O)N(c3ccc(C#N)cc3)C(=O)N21,5.301029995663981
CHEMBL188857,3510.0,nM,CC(C)(C)OC(=O)N1C[C@@H]2C[C@H]1[C@H]1C(=O)N(c3ccc(C#N)cc3)C(=O)N21,5.454692883534176
CHEMBL188261,780.0,nM,CC(C)(C)OC(=O)N1C[C@@H]2C[C@H]1[C@]1(C)C(=O)N(c3ccc(C#N)c(C(F)(F)F)c3)C(=O)N21,6.107905397309519
CHEMBL188261,10400.0,nM,CC(C)(C)OC(=O)N1C[C@@H]2C[C@H]1[C@]1(C)C(=O)N(c3ccc(C#N)c(C(F)(F)F)c3)C(=O)N21,4.982966660701219
CHEMBL185880,1300.0,nM,O=C1[C@H]2[C@H]3CC[C@H](C3)N2C(=O)N1c1ccc([N+](=O)[O-])c2ccccc12,5.886056647693163
CHEMBL185880,5000.0,nM,O=C1[C@H]2[C@H]3CC[C@H](C3)N2C(=O)N1c1ccc([N+](=O)[O-])c2ccccc12,5.301029995663981
CHEMBL188297,10.0,nM,O=C1[C@@H]2[C@@H]3CC[C@@H](C3)[C@@H]2C(=O)N1c1ccc([N+](=O)[O-])c(C(F)(F)F)c1,8.0
CHEMBL188297,5000.0,nM,O=C1[C@@H]2[C@@H]3CC[C@@H](C3)[C@@H]2C(=O)N1c1ccc([N+](=O)[O-])c(C(F)(F)F)c1,5.301029995663981
CHEMBL409,170.0,nM,CC(O)(CS(=O)(=O)c1ccc(F)cc1)C(=O)Nc1ccc(C#N)c(C(F)(F)F)c1,6.769551078621726
CHEMBL409,400.0,nM,CC(O)(CS(=O)(=O)c1ccc(F)cc1)C(=O)Nc1ccc(C#N)c(C(F)(F)F)c1,6.3979400086720375
CHEMBL362566,200.0,nM,N#Cc1ccc(N2C(=O)[C@H]3[C@@H]4C[C@@H](CN4C(=O)Oc4ccc(F)cc4)N3C2=O)cc1C(F)(F)F,6.698970004336019
CHEMBL362566,3920.0,nM,N#Cc1ccc(N2C(=O)[C@H]3[C@@H]4C[C@@H](CN4C(=O)Oc4ccc(F)cc4)N3C2=O)cc1C(F)(F)F,5.406713932979542
CHEMBL426623,340.0,nM,O=C1[C@H]2[C@@H]3C[C@@H](CN3C(=O)Oc3ccc(F)cc3)N2C(=O)N1c1ccc([N+](=O)[O-])c2ccccc12,6.468521082957745
CHEMBL426623,30000.0,nM,O=C1[C@H]2[C@@H]3C[C@@H](CN3C(=O)Oc3ccc(F)cc3)N2C(=O)N1c1ccc([N+](=O)[O-])c2ccccc12,4.522878745280337
CHEMBL365921,580.0,nM,N#Cc1ccc(N2C(=O)[C@H]3[C@@H]4C[C@@H](CN4C(=O)Oc4ccc(F)cc4)N3C2=O)c2ccccc12,6.236572006437063
CHEMBL365921,1870.0,nM,N#Cc1ccc(N2C(=O)[C@H]3[C@@H]4C[C@@H](CN4C(=O)Oc4ccc(F)cc4)N3C2=O)c2ccccc12,5.728158393463501
CHEMBL189600,300.0,nM,N#Cc1ccc(N2C(=O)[C@H]3[C@@H]4C[C@@H](CN4C(=O)c4ccccc4)N3C2=O)cc1C(F)(F)F,6.522878745280337
CHEMBL189600,2600.0,nM,N#Cc1ccc(N2C(=O)[C@H]3[C@@H]4C[C@@H](CN4C(=O)c4ccccc4)N3C2=O)cc1C(F)(F)F,5.585026652029182
CHEMBL365650,2540.0,nM,O=C1[C@H]2[C@@H]3C[C@@H](CN3C(=O)c3ccccc3)N2C(=O)N1c1ccc([N+](=O)[O-])cc1,5.5951662833800615
CHEMBL365650,5000.0,nM,O=C1[C@H]2[C@@H]3C[C@@H](CN3C(=O)c3ccccc3)N2C(=O)N1c1ccc([N+](=O)[O-])cc1,5.301029995663981
CHEMBL447184,17900.0,nM,CCCCc1ccc(C(=O)N2C[C@@H]3C[C@H]2[C@@H]2C(=O)N(c4ccc(C#N)c(C(F)(F)F)c4)C(=O)N32)cc1,4.747146969020107
CHEMBL447184,33700.0,nM,CCCCc1ccc(C(=O)N2C[C@@H]3C[C@H]2[C@@H]2C(=O)N(c4ccc(C#N)c(C(F)(F)F)c4)C(=O)N32)cc1,4.4723700991286615
CHEMBL365482,60.0,nM,CCCCc1ccc(C(=O)N2C[C@@H]3C[C@H]2[C@@H]2C(=O)N(c4ccc([N+](=O)[O-])cc4)C(=O)N32)cc1,7.221848749616356
CHEMBL365482,4750.0,nM,CCCCc1ccc(C(=O)N2C[C@@H]3C[C@H]2[C@@H]2C(=O)N(c4ccc([N+](=O)[O-])cc4)C(=O)N32)cc1,5.323306390375134
CHEMBL371392,580.0,nM,CCCCc1ccc(C(=O)N2C[C@@H]3C[C@H]2[C@@H]2C(=O)N(c4ccc(C#N)cc4)C(=O)N32)cc1,6.236572006437063
CHEMBL371392,6800.0,nM,CCCCc1ccc(C(=O)N2C[C@@H]3C[C@H]2[C@@H]2C(=O)N(c4ccc(C#N)cc4)C(=O)N32)cc1,5.167491087293763
CHEMBL386630,3.9,nM,C[C@]12CC[C@H]3[C@@H](CCC4=CC(=O)CC[C@@]43C)[C@@H]1CC[C@@H]2O,8.4089353929735
CHEMBL361245,22.0,nM,CC(=O)O[C@]1(C(C)=O)CCC2C3C=C(Cl)C4=CC(=O)[C@@H]5CC5[C@]4(C)C3CC[C@@]21C,7.657577319177793
CHEMBL361245,4.7,nM,CC(=O)O[C@]1(C(C)=O)CCC2C3C=C(Cl)C4=CC(=O)[C@@H]5CC5[C@]4(C)C3CC[C@@]21C,8.327902142064282
CHEMBL361245,61.0,nM,CC(=O)O[C@]1(C(C)=O)CCC2C3C=C(Cl)C4=CC(=O)[C@@H]5CC5[C@]4(C)C3CC[C@@]21C,7.214670164989233
CHEMBL1276308,2.2,nM,CC#C[C@]1(O)CC[C@H]2[C@@H]3CCC4=CC(=O)CCC4=C3[C@@H](c3ccc(N(C)C)cc3)C[C@@]21C,8.657577319177793
CHEMBL1276308,7.8,nM,CC#C[C@]1(O)CC[C@H]2[C@@H]3CCC4=CC(=O)CCC4=C3[C@@H](c3ccc(N(C)C)cc3)C[C@@]21C,8.10790539730952
CHEMBL1276308,23.0,nM,CC#C[C@]1(O)CC[C@H]2[C@@H]3CCC4=CC(=O)CCC4=C3[C@@H](c3ccc(N(C)C)cc3)C[C@@]21C,7.638272163982407
CHEMBL2311179,100.0,nM,C[C@]12CCC3=C4CCC(=O)C=C4CC[C@H]3[C@@H]1CC[C@@H]2O,7.0
CHEMBL2311179,0.2,nM,C[C@]12CCC3=C4CCC(=O)C=C4CC[C@H]3[C@@H]1CC[C@@H]2O,9.698970004336019
CHEMBL184228,2.0,nM,CC[C@H]1C[C@@]2(C)C(CC[C@@H]2O)C2CCC3=CC(=O)CCC3=C21,8.698970004336019
CHEMBL184228,55.0,nM,CC[C@H]1C[C@@]2(C)C(CC[C@@H]2O)C2CCC3=CC(=O)CCC3=C21,7.259637310505756
CHEMBL184313,0.1,nM,CCCCC[C@H]1C[C@@]2(C)C(CC[C@@H]2O)C2CCC3=CC(=O)CCC3=C21,10.0
CHEMBL184313,0.009,nM,CCCCC[C@H]1C[C@@]2(C)C(CC[C@@H]2O)C2CCC3=CC(=O)CCC3=C21,11.045757490560675
CHEMBL184313,17.0,nM,CCCCC[C@H]1C[C@@]2(C)C(CC[C@@H]2O)C2CCC3=CC(=O)CCC3=C21,7.769551078621726
CHEMBL186467,6.6,nM,CCCCCCCC[C@H]1C[C@@]2(C)C(CC[C@@H]2O)C2CCC3=CC(=O)CCC3=C21,8.18045606445813
CHEMBL186467,0.9,nM,CCCCCCCC[C@H]1C[C@@]2(C)C(CC[C@@H]2O)C2CCC3=CC(=O)CCC3=C21,9.045757490560675
CHEMBL186467,17.0,nM,CCCCCCCC[C@H]1C[C@@]2(C)C(CC[C@@H]2O)C2CCC3=CC(=O)CCC3=C21,7.769551078621726
CHEMBL186254,0.8,nM,CCCCCCCCCC[C@H]1C[C@@]2(C)C(CC[C@@H]2O)C2CCC3=CC(=O)CCC3=C21,9.096910013008056
CHEMBL186254,85.0,nM,CCCCCCCCCC[C@H]1C[C@@]2(C)C(CC[C@@H]2O)C2CCC3=CC(=O)CCC3=C21,7.070581074285707
CHEMBL186254,17.0,nM,CCCCCCCCCC[C@H]1C[C@@]2(C)C(CC[C@@H]2O)C2CCC3=CC(=O)CCC3=C21,7.769551078621726
CHEMBL189306,0.2,nM,CCCCCCCCCCCC[C@H]1C[C@@]2(C)C(CC[C@@H]2O)C2CCC3=CC(=O)CCC3=C21,9.698970004336019
CHEMBL189306,19.0,nM,CCCCCCCCCCCC[C@H]1C[C@@]2(C)C(CC[C@@H]2O)C2CCC3=CC(=O)CCC3=C21,7.721246399047171
CHEMBL1274,9.0,nM,CC1(C)NC(=O)N(c2ccc([N+](=O)[O-])c(C(F)(F)F)c2)C1=O,8.045757490560675
CHEMBL146858,6.0,nM,CC1(C)NC(=O)N(c2ccc(C#N)c(C(F)(F)F)c2)C1=O,8.221848749616356
CHEMBL2113034,77.0,nM,CC1(C)C(=O)N(c2ccc(C#N)c(C(F)(F)F)c2)C(=O)N1OCCOCCCc1ccc(O)c(C(N)=O)c1,7.113509274827518
CHEMBL2113032,332.0,nM,CC1(C)C(=O)N(c2ccc(C#N)c(C(F)(F)F)c2)C(=O)N1OCCOCCOCCCc1ccc(O)c(C(N)=O)c1,6.478861916295964
CHEMBL2113036,49.0,nM,CC1(C)C(=O)N(c2ccc(C#N)c(C(F)(F)F)c2)C(=O)N1OCC#CCCc1ccc(O)c(C(N)=O)c1,7.309803919971486
CHEMBL147457,1000.0,nM,CC1(C)C(=O)N(c2ccc(C#N)c(C(F)(F)F)c2)C(=O)N1CCCCN1CCN(CCOCc2ccc(O)c(C(N)=O)c2)CC1,6.0
CHEMBL347556,346.0,nM,CC1(C)C(=O)N(c2ccc(C#N)c(C(F)(F)F)c2)C(=O)N1CCOCCN1CCN(CCOCc2ccc(O)c(C(N)=O)c2)CC1,6.460923901207224
CHEMBL264131,90.0,nM,COc1cccc2c1C(=O)c1c(O)c3c(c(O)c1C2=O)C[C@@](O)(C(=O)CO)CC3OC1C[C@H](NCNC(=O)c2cc(COCC#CCN3C(=O)N(c4ccc(C#N)c(C(F)(F)F)c4)C(=O)C3(C)C)ccc2O)[C@H](O)[C@H](C)O1,7.045757490560675
CHEMBL386437,63.0,nM,CCCC(=O)Oc1ccc(COCC#CCN2C(=O)N(c3ccc(C#N)c(C(F)(F)F)c3)C(=O)C2(C)C)cc1C(=O)NCN[C@H]1CC(OC2C[C@](O)(C(=O)CO)Cc3c(O)c4c(c(O)c32)C(=O)c2c(OC)cccc2C4=O)O[C@@H](C)[C@H]1O,7.200659450546418
CHEMBL806,154.0,nM,CC(C)C(=O)Nc1ccc([N+](=O)[O-])c(C(F)(F)F)c1,6.812479279163537
CHEMBL27577,1000.0,nM,NC(=O)c1ccccc1O,6.0
CHEMBL190225,11700.0,nM,Cc1c(NS(C)(=O)=O)cccc1N(Cc1ccccc1)Cc1ccc(Oc2ccc(OCC(=O)O)cc2)cc1,4.931814138253839
CHEMBL190109,3600.0,nM,Cc1c(NS(C)(=O)=O)cccc1N(Cc1ccc(Oc2ccc(Cl)c(OCC(=O)O)c2)cc1)Cc1ccc(F)cc1F,5.443697499232712
CHEMBL1276308,8.8,nM,CC#C[C@]1(O)CC[C@H]2[C@@H]3CCC4=CC(=O)CCC4=C3[C@@H](c3ccc(N(C)C)cc3)C[C@@]21C,8.05551732784983
CHEMBL363151,6500.0,nM,CC#C[C@]1(O)CC[C@H]2[C@@H]3CCC4=CC(=O)CC[C@]4(Cc4ccc(C)cc4)C3=CC[C@@]21C,5.187086643357144
CHEMBL185265,1600.0,nM,Cc1c(NS(C)(=O)=O)cccc1N(Cc1ccccc1)Cc1ccc(Oc2cccc(OCCCC(=O)NCCCC(=O)O)c2)cc1,5.795880017344075
CHEMBL410683,660.0,nM,C/C=C1\C(=O)C[C@H]2[C@@H]3CCC4=CC(=O)CC[C@]4(C)[C@H]3CC[C@]12C,6.180456064458132
CHEMBL402063,220.0,nM,C/C=C1/C(=O)C[C@H]2[C@@H]3CCC4=CC(=O)CC[C@]4(C)[C@H]3CC[C@]12C,6.657577319177793
CHEMBL409,890.0,nM,CC(O)(CS(=O)(=O)c1ccc(F)cc1)C(=O)Nc1ccc(C#N)c(C(F)(F)F)c1,6.050609993355087
CHEMBL197595,110.0,nM,C[C@@H]1CN(c2ccc(C#N)c(C(F)(F)F)c2)[C@@H](C)CN1C(=O)Nc1ccc(C(F)(F)F)nc1,6.958607314841775
CHEMBL202990,200.0,nM,C[C@@H]1CN(c2ccc(C#N)c(C(F)(F)F)c2)[C@@H](C)CN1C(=O)Nc1ccc(F)cc1F,6.698970004336019
CHEMBL372390,1300.0,nM,C[C@@H]1CN(C(=O)Nc2ccc(C(F)(F)F)nc2)[C@@H](C)CN1c1ccc(C#N)c(C(F)(F)F)c1,5.886056647693163
CHEMBL202660,210.0,nM,CC1CN(c2ccc(C#N)c(C(F)(F)F)c2)C(C)CN1C(=O)Nc1ccc(C(F)(F)F)nc1,6.6777807052660805
CHEMBL200973,200.0,nM,C[C@@H]1CN(c2ccc(C#N)c(C(F)(F)F)c2)[C@@H](C)CN1C(=O)Nc1ccc(C#N)nc1,6.698970004336019
CHEMBL381358,500.0,nM,CC(=O)c1ccc(NC(=O)N2C[C@H](C)N(c3ccc(C#N)c(C(F)(F)F)c3)C[C@H]2C)cn1,6.301029995663981
CHEMBL201327,470.0,nM,COC(=O)c1ccc(NC(=O)N2C[C@H](C)N(c3ccc(C#N)c(C(F)(F)F)c3)C[C@H]2C)cn1,6.327902142064283
CHEMBL202710,730.0,nM,C[C@@H]1CN(c2ccc(C#N)c(C(F)(F)F)c2)[C@@H](C)CN1C(=O)Nc1ccc(Cl)nc1,6.136677139879544
CHEMBL379465,370.0,nM,C[C@@H]1CN(c2ccc(C#N)c(C(F)(F)F)c2)[C@@H](C)CN1C(=O)Nc1ccc(N)nc1,6.431798275933005
CHEMBL382426,10000.0,nM,C[C@@H]1CN(c2ccc(C#N)c(C(F)(F)F)c2)[C@@H](C)CN1C(=O)Nc1ccc(O)nc1,5.0
CHEMBL201069,220.0,nM,CSc1ccc(NC(=O)N2C[C@H](C)N(c3ccc(C#N)c(C(F)(F)F)c3)C[C@H]2C)cn1,6.657577319177793
CHEMBL381253,170.0,nM,COc1ccc(NC(=O)N2C[C@H](C)N(c3ccc(C#N)c(C(F)(F)F)c3)C[C@H]2C)cn1,6.769551078621726
CHEMBL381558,440.0,nM,COc1cncc(NC(=O)N2C[C@H](C)N(c3ccc(C#N)c(C(F)(F)F)c3)C[C@H]2C)c1,6.356547323513812
CHEMBL197648,1200.0,nM,COc1ccncc1NC(=O)N1C[C@H](C)N(c2ccc(C#N)c(C(F)(F)F)c2)C[C@H]1C,5.920818753952375
CHEMBL201077,190.0,nM,COc1ncccc1NC(=O)N1C[C@H](C)N(c2ccc(C#N)c(C(F)(F)F)c2)C[C@H]1C,6.721246399047171
CHEMBL201242,130.0,nM,Cc1ccc(NC(=O)N2C[C@H](C)N(c3ccc(C#N)c(C(F)(F)F)c3)C[C@H]2C)cn1,6.886056647693163
CHEMBL381776,250.0,nM,Cc1cncc(NC(=O)N2C[C@H](C)N(c3ccc(C#N)c(C(F)(F)F)c3)C[C@H]2C)c1,6.6020599913279625
CHEMBL201757,330.0,nM,Cc1ccncc1NC(=O)N1C[C@H](C)N(c2ccc(C#N)c(C(F)(F)F)c2)C[C@H]1C,6.481486060122113
CHEMBL199284,680.0,nM,Cc1ncccc1NC(=O)N1C[C@H](C)N(c2ccc(C#N)c(C(F)(F)F)c2)C[C@H]1C,6.167491087293763
CHEMBL201126,10000.0,nM,C[C@@H]1CN(c2ccc(C#N)c(C(F)(F)F)c2)[C@@H](C)CN1C(=O)Nc1ccc[n+]([O-])c1,5.0
CHEMBL203423,1000.0,nM,C[C@@H]1CN(c2ccc(C#N)c(C(F)(F)F)c2)[C@@H](C)CN1C(=O)Nc1cncnc1,6.0
CHEMBL203085,4600.0,nM,C[C@@H]1CN(c2ccc(C#N)c(C(F)(F)F)c2)[C@@H](C)CN1C(=O)Nc1ccncn1,5.337242168318426
CHEMBL265785,10000.0,nM,C[C@@H]1CN(c2ccc(C#N)c(C(F)(F)F)c2)[C@@H](C)CN1C(=O)Nc1ncccn1,5.0
CHEMBL199899,140.0,nM,C[C@@H]1CN(c2ccc(C#N)c(C(F)(F)F)c2)[C@@H](C)CN1C(=O)Nc1ccncc1,6.853871964321762
CHEMBL439685,120.0,nM,C[C@@H]1CN(c2ccc(C#N)c(C(F)(F)F)c2)[C@@H](C)CN1C(=O)Nc1cccnc1,6.920818753952375
CHEMBL201167,7800.0,nM,C[C@@H]1CN(c2ccc(C#N)c(C(F)(F)F)c2)[C@@H](C)CN1C(=O)Nc1ccccn1,5.107905397309519
CHEMBL373019,33.0,nM,C=C[C@]12CC[C@H](O)CC1=CCC1C2CC[C@@]2(C)C1CC[C@@H]2O,7.481486060122112
CHEMBL201517,1769.0,nM,CCC[C@]12CC[C@H](O)CC1=CCC1C2CC[C@@]2(C)C1CC[C@@H]2O,5.752272167090277
CHEMBL135,19.1,nM,C[C@]12CC[C@@H]3c4ccc(O)cc4CC[C@H]3[C@@H]1CC[C@@H]2O,7.718966632752273
CHEMBL203748,7.9,nM,C=C[C@]12CCC(=O)C=C1CCC1C2CC[C@@]2(C)C1CC[C@@H]2O,8.102372908709558
CHEMBL386630,2.7,nM,C[C@]12CC[C@H]3[C@@H](CCC4=CC(=O)CC[C@@]43C)[C@@H]1CC[C@@H]2O,8.568636235841012
CHEMBL381566,287.0,nM,C#C[C@]1(O)CCC2C3CC=C4C[C@@H](O)CC[C@]4(C=C)C3CC[C@@]21C,6.542118103266008
CHEMBL204642,169.0,nM,C=C[C@]12CC[C@H](O)CC1=CCC1C2CC[C@@]2(C)C1CC[C@]2(C)O,6.772113295386326
CHEMBL380978,5000.0,nM,C[C@]12CCC3C(CC=C4C[C@@H](O)CC[C@@]43C=O)C1CC[C@@H]2O,5.301029995663981
CHEMBL382632,5000.0,nM,C[C@]12CCC3C(CC=C4C[C@@H](O)CC[C@@]43CO)C1CC[C@@H]2O,5.301029995663981
CHEMBL440283,212.0,nM,C[C@]12CC[C@H]3[C@@H](CC=C4C[C@@H](O)CC[C@@]43C)[C@@H]1CC[C@@H]2O,6.673664139071248
CHEMBL203561,1717.0,nM,C#CC[C@]12CC[C@H](O)CC1=CCC1C2CC[C@@]2(C)C1CC[C@@H]2O,5.765229704839084
CHEMBL201809,3733.0,nM,CC#C[C@]12CC[C@H](O)CC1=CCC1C2CC[C@@]2(C)C1CC[C@@H]2O,5.4279420100736955
CHEMBL437065,1761.0,nM,C#C[C@]12CC[C@H](O)CC1=CCC1C2CC[C@@]2(C)C1CC[C@@H]2O,5.754240644032723
CHEMBL382097,33.0,nM,CC[C@]12CC[C@H](O)CC1=CCC1C2CC[C@@]2(C)C1CC[C@@H]2O,7.481486060122112
CHEMBL369979,1768.0,nM,C=CC[C@]12CC[C@H](O)CC1=CCC1C2CC[C@@]2(C)C1CC[C@@H]2O,5.752517739322946
CHEMBL201364,5000.0,nM,C[C@]12CCC3C(CC=C4C[C@@H](O)CC[C@@]43CC=O)C1CC[C@@H]2O,5.301029995663981
CHEMBL369991,3767.0,nM,CC/C=C\[C@]12CC[C@H](O)CC1=CCC1C2CC[C@@]2(C)C1CC[C@@H]2O,5.424004379796733
CHEMBL202415,843.0,nM,C/C=C/[C@]12CC[C@H](O)CC1=CCC1C2CC[C@@]2(C)C1CC[C@@H]2O,6.074172425375258
CHEMBL383253,718.0,nM,C/C=C\[C@]12CC[C@H](O)CC1=CCC1C2CC[C@@]2(C)C1CC[C@@H]2O,6.1438755557577
CHEMBL204389,4617.0,nM,CO/C=C/[C@]12CC[C@H](O)CC1=CCC1C2CC[C@@]2(C)C1CC[C@@H]2O,5.335640125448859
CHEMBL380876,1402.0,nM,CO/C=C\[C@]12CC[C@H](O)CC1=CCC1C2CC[C@@]2(C)C1CC[C@@H]2O,5.85325198636936
CHEMBL204317,120.0,nM,C[C@]12CCC3C(CC=C4C[C@@H](O)CC[C@@]43/C=C/Br)C1CC[C@@H]2O,6.920818753952375
CHEMBL379441,20.0,nM,C[C@]12CCC3C(CC=C4C[C@@H](O)CC[C@@]43/C=C\Br)C1CC[C@@H]2O,7.698970004336019
CHEMBL370236,1436.0,nM,C[C@]12CCC3C(CC=C4C[C@@H](O)CC[C@@]43/C=C/Cl)C1CC[C@@H]2O,5.842845560093719
CHEMBL201569,172.0,nM,C[C@]12CCC3C(CC=C4C[C@@H](O)CC[C@@]43/C=C\Cl)C1CC[C@@H]2O,6.764471553092451
CHEMBL202400,85.0,nM,C[C@]12CCC3C(CC=C4C[C@@H](O)CC[C@@]43/C=C/F)C1CC[C@@H]2O,7.070581074285707
CHEMBL202007,11.0,nM,C[C@]12CCC3C(CC=C4C[C@@H](O)CC[C@@]43/C=C\F)C1CC[C@@H]2O,7.958607314841775
CHEMBL385509,26.0,nM,Nc1ccc2nc(O)cc(C(F)(F)F)c2c1,7.585026652029182
CHEMBL436784,10000.0,nM,O=c1cc(C(F)(F)F)c2cc(N(CC(F)(F)F)CC(F)(F)F)ccc2[nH]1,5.0
CHEMBL267260,10000.0,nM,Oc1cc(C(F)(F)F)c2cc(N(CC3CC3)CC(F)(F)F)ccc2n1,5.0
CHEMBL217769,10000.0,nM,CCN(CC(F)(F)F)c1ccc2nc(O)cc(C(F)(F)F)c2c1,5.0
CHEMBL217324,10000.0,nM,Oc1cc(C(F)(F)F)c2cc(N(CC3CC3)CC3CC3)ccc2n1,5.0
CHEMBL217402,10000.0,nM,CCN(c1ccc2nc(O)cc(C(F)(F)F)c2c1)C(C)C,5.0
CHEMBL216949,29.5,nM,CCCCN(CCCC)c1ccc2nc(O)cc(C(F)(F)F)c2c1,7.530177984021837
CHEMBL442240,10000.0,nM,CCCN(CCC)c1ccc2[nH]c(=O)cc(C(F)(F)F)c2c1,5.0
CHEMBL277378,10000.0,nM,CCN(CC)c1ccc2nc(O)cc(C(F)(F)F)c2c1,5.0
CHEMBL217168,34.0,nM,CN(C)c1ccc2nc(O)cc(C(F)(F)F)c2c1,7.468521082957745
CHEMBL217428,16.5,nM,CC(C)Nc1ccc2nc(O)cc(C(F)(F)F)c2c1,7.782516055786093
CHEMBL405835,27.5,nM,CCCNc1ccc2nc(O)cc(C(F)(F)F)c2c1,7.560667306169737
CHEMBL27769,10000.0,nM,C[C@]12CCC(=O)C[C@@H]1CC[C@@H]1[C@@H]2CC[C@]2(C)[C@@H](O)CC[C@@H]12,5.0
CHEMBL27769,1.82,nM,C[C@]12CCC(=O)C[C@@H]1CC[C@@H]1[C@@H]2CC[C@]2(C)[C@@H](O)CC[C@@H]12,8.739928612014925
CHEMBL375107,42.7,nM,BrCC(Br)C1CCC(Br)C(Br)C1,7.369572124974976
CHEMBL376182,330.0,nM,CCN(CC)C(=O)CCCCCCC1C[C@H]2CC(=O)CC[C@]2(C)[C@H]2CC[C@]3(C)[C@@H](O)CC[C@H]3[C@H]12,6.481486060122113
CHEMBL224736,6800.0,nM,C[C@]12CC[C@H]3[C@@H]([C@H](CCCCC[S+]([O-])CCCC(F)(F)C(F)(F)F)CC4CC(=O)CC[C@@]43C)[C@@H]1CC[C@@H]2O,5.167491087293763
CHEMBL225147,110.0,nM,CN(C)C(=O)CCCCCCC1C[C@H]2CC(=O)CC[C@]2(C)[C@H]2CC[C@]3(C)[C@@H](O)CC[C@H]3[C@H]12,6.958607314841775
CHEMBL224047,2100.0,nM,CCCCCCNC(=O)CCCCCCCC1C[C@H]2CC(=O)CC[C@]2(C)[C@H]2CC[C@]3(C)[C@@H](O)CC[C@H]3[C@H]12,5.6777807052660805
CHEMBL224734,1600.0,nM,CCCNC(=O)CCCCCCCC1C[C@H]2CC(=O)CC[C@]2(C)[C@H]2CC[C@]3(C)[C@@H](O)CC[C@H]3[C@H]12,5.795880017344075
CHEMBL387651,1500.0,nM,CCNC(=O)CCCCCCCC1C[C@H]2CC(=O)CC[C@]2(C)[C@H]2CC[C@]3(C)[C@@H](O)CC[C@H]3[C@H]12,5.823908740944319
CHEMBL427078,710.0,nM,CNC(=O)CCCCCCCC1C[C@H]2CC(=O)CC[C@]2(C)[C@H]2CC[C@]3(C)[C@@H](O)CC[C@H]3[C@H]12,6.1487416512809245
CHEMBL224733,260.0,nM,C[C@]12CCC(=O)C[C@@H]1CC(CCCCCCCC(N)=O)[C@@H]1[C@@H]2CC[C@]2(C)[C@@H](O)CC[C@@H]12,6.585026652029182
CHEMBL224707,120.0,nM,C[C@]12CCC(=O)C[C@@H]1CC(CCCCCCCC(=O)N1CCCCC1)[C@@H]1[C@@H]2CC[C@]2(C)[C@@H](O)CC[C@@H]12,6.920818753952375
CHEMBL427243,350.0,nM,C[C@]12CCC(=O)C[C@@H]1CC(CCCCCCCC(=O)N1CCCC1)[C@@H]1[C@@H]2CC[C@]2(C)[C@@H](O)CC[C@@H]12,6.455931955649724
CHEMBL224654,1300.0,nM,C[C@]12CCC(=O)C[C@@H]1CC(CCCCCCCC(=O)N1CCOCC1)[C@@H]1[C@@H]2CC[C@]2(C)[C@@H](O)CC[C@@H]12,5.886056647693163
CHEMBL224216,10000.0,nM,CCCCCCN(CCCCCC)C(=O)CCCCCCCC1C[C@H]2CC(=O)CC[C@]2(C)[C@H]2CC[C@]3(C)[C@@H](O)CC[C@H]3[C@H]12,5.0
CHEMBL223355,820.0,nM,CN(Cc1ccccc1)C(=O)CCCCCCCC1C[C@H]2CC(=O)CC[C@]2(C)[C@H]2CC[C@]3(C)[C@@H](O)CC[C@H]3[C@H]12,6.086186147616283
CHEMBL224352,120.0,nM,CCN(CC)C(=O)CCCCCCCC1C[C@H]2CC(=O)CC[C@]2(C)[C@H]2CC[C@]3(C)[C@@H](O)CC[C@H]3[C@H]12,6.920818753952375
CHEMBL389277,260.0,nM,CN(C)C(=O)CCCCCCCC1C[C@H]2CC(=O)CC[C@]2(C)[C@H]2CC[C@]3(C)[C@@H](O)CC[C@H]3[C@H]12,6.585026652029182
CHEMBL390071,660.0,nM,CCN(C)C(=O)CCCCCCCC1C[C@H]2CC(=O)CC[C@]2(C)[C@H]2CC[C@]3(C)[C@@H](O)CC[C@H]3[C@H]12,6.180456064458132
CHEMBL224414,430.0,nM,CC(C)N(C)C(=O)CCCCCCCC1C[C@H]2CC(=O)CC[C@]2(C)[C@H]2CC[C@]3(C)[C@@H](O)CC[C@H]3[C@H]12,6.366531544420414
CHEMBL375282,300.0,nM,CCCN(C)C(=O)CCCCCCCC1C[C@H]2CC(=O)CC[C@]2(C)[C@H]2CC[C@]3(C)[C@@H](O)CC[C@H]3[C@H]12,6.522878745280337
CHEMBL224770,280.0,nM,CCCCN(C)C(=O)CCCCCCCC1C[C@H]2CC(=O)CC[C@]2(C)[C@H]2CC[C@]3(C)[C@@H](O)CC[C@H]3[C@H]12,6.552841968657781
CHEMBL409,200.0,nM,CC(O)(CS(=O)(=O)c1ccc(F)cc1)C(=O)Nc1ccc(C#N)c(C(F)(F)F)c1,6.698970004336019
CHEMBL491,200.0,nM,CC(C)(O)C(=O)Nc1ccc([N+](=O)[O-])c(C(F)(F)F)c1,6.698970004336019
CHEMBL373460,9900.0,nM,CCCCN(C)C(=O)CCCCCCCCCCC[C@@H]1CC2CC(=O)CC[C@]2(C)[C@H]2CC[C@]3(C)[C@@H](O)CC[C@H]3[C@H]12,5.00436480540245
CHEMBL375675,1900.0,nM,CCCCN(C)C(=O)CCCCCCCCCC[C@@H]1CC2CC(=O)CC[C@]2(C)[C@H]2CC[C@]3(C)[C@@H](O)CC[C@H]3[C@H]12,5.721246399047171
CHEMBL224779,570.0,nM,CCCCN(C)C(=O)CCCCCCCCC[C@@H]1CC2CC(=O)CC[C@]2(C)[C@H]2CC[C@]3(C)[C@@H](O)CC[C@H]3[C@H]12,6.2441251443275085
CHEMBL389631,550.0,nM,CCCCN(C)C(=O)CCCCCCCC[C@@H]1CC2CC(=O)CC[C@]2(C)[C@H]2CC[C@]3(C)[C@@H](O)CC[C@H]3[C@H]12,6.259637310505756
CHEMBL223813,280.0,nM,CCCCN(C)C(=O)CCCCCCC[C@@H]1CC2CC(=O)CC[C@]2(C)[C@H]2CC[C@]3(C)[C@@H](O)CC[C@H]3[C@H]12,6.552841968657781
CHEMBL224278,10000.0,nM,C[C@]12CC[C@H]3[C@@H]([C@H](CCCCCCCCCCCCC[S+]([O-])CCCC(F)(F)C(F)(F)F)CC4CC(=O)CC[C@@]43C)[C@@H]1CC[C@@H]2O,5.0
CHEMBL388724,10000.0,nM,C[C@]12CC[C@H]3[C@@H]([C@H](CCCCCCCCCCC[S+]([O-])CCCC(F)(F)C(F)(F)F)CC4CC(=O)CC[C@@]43C)[C@@H]1CC[C@@H]2O,5.0
CHEMBL224015,110.0,nM,C[C@]12CC[C@H]3[C@@H]([C@H](CCCCCCCCC[S+]([O-])CCCC(F)(F)C(F)(F)F)CC4CC(=O)CC[C@@]43C)[C@@H]1CC[C@@H]2O,6.958607314841775
CHEMBL387850,960.0,nM,C[C@]12CC[C@H]3[C@@H]([C@H](CCCCCCC[S+]([O-])CCCC(F)(F)C(F)(F)F)CC4CC(=O)CC[C@@]43C)[C@@H]1CC[C@@H]2O,6.017728766960431
CHEMBL224736,10000.0,nM,C[C@]12CC[C@H]3[C@@H]([C@H](CCCCC[S+]([O-])CCCC(F)(F)C(F)(F)F)CC4CC(=O)CC[C@@]43C)[C@@H]1CC[C@@H]2O,5.0
CHEMBL376182,530.0,nM,CCN(CC)C(=O)CCCCCCC1C[C@H]2CC(=O)CC[C@]2(C)[C@H]2CC[C@]3(C)[C@@H](O)CC[C@H]3[C@H]12,6.275724130399211
CHEMBL225147,200.0,nM,CN(C)C(=O)CCCCCCC1C[C@H]2CC(=O)CC[C@]2(C)[C@H]2CC[C@]3(C)[C@@H](O)CC[C@H]3[C@H]12,6.698970004336019
CHEMBL224047,6600.0,nM,CCCCCCNC(=O)CCCCCCCC1C[C@H]2CC(=O)CC[C@]2(C)[C@H]2CC[C@]3(C)[C@@H](O)CC[C@H]3[C@H]12,5.180456064458132
CHEMBL276621,6300.0,nM,CCCCNC(=O)CCCCCCCC1C[C@H]2CC(=O)CC[C@]2(C)[C@H]2CC[C@]3(C)[C@@H](O)CC[C@H]3[C@H]12,5.200659450546418
CHEMBL224734,1800.0,nM,CCCNC(=O)CCCCCCCC1C[C@H]2CC(=O)CC[C@]2(C)[C@H]2CC[C@]3(C)[C@@H](O)CC[C@H]3[C@H]12,5.7447274948966935
CHEMBL387651,940.0,nM,CCNC(=O)CCCCCCCC1C[C@H]2CC(=O)CC[C@]2(C)[C@H]2CC[C@]3(C)[C@@H](O)CC[C@H]3[C@H]12,6.026872146400302
CHEMBL427078,480.0,nM,CNC(=O)CCCCCCCC1C[C@H]2CC(=O)CC[C@]2(C)[C@H]2CC[C@]3(C)[C@@H](O)CC[C@H]3[C@H]12,6.318758762624412
CHEMBL224733,450.0,nM,C[C@]12CCC(=O)C[C@@H]1CC(CCCCCCCC(N)=O)[C@@H]1[C@@H]2CC[C@]2(C)[C@@H](O)CC[C@@H]12,6.346787486224656
CHEMBL224707,490.0,nM,C[C@]12CCC(=O)C[C@@H]1CC(CCCCCCCC(=O)N1CCCCC1)[C@@H]1[C@@H]2CC[C@]2(C)[C@@H](O)CC[C@@H]12,6.309803919971486
CHEMBL427243,300.0,nM,C[C@]12CCC(=O)C[C@@H]1CC(CCCCCCCC(=O)N1CCCC1)[C@@H]1[C@@H]2CC[C@]2(C)[C@@H](O)CC[C@@H]12,6.522878745280337
CHEMBL224654,730.0,nM,C[C@]12CCC(=O)C[C@@H]1CC(CCCCCCCC(=O)N1CCOCC1)[C@@H]1[C@@H]2CC[C@]2(C)[C@@H](O)CC[C@@H]12,6.136677139879544
CHEMBL224216,10000.0,nM,CCCCCCN(CCCCCC)C(=O)CCCCCCCC1C[C@H]2CC(=O)CC[C@]2(C)[C@H]2CC[C@]3(C)[C@@H](O)CC[C@H]3[C@H]12,5.0
CHEMBL223355,1600.0,nM,CN(Cc1ccccc1)C(=O)CCCCCCCC1C[C@H]2CC(=O)CC[C@]2(C)[C@H]2CC[C@]3(C)[C@@H](O)CC[C@H]3[C@H]12,5.795880017344075
CHEMBL224352,300.0,nM,CCN(CC)C(=O)CCCCCCCC1C[C@H]2CC(=O)CC[C@]2(C)[C@H]2CC[C@]3(C)[C@@H](O)CC[C@H]3[C@H]12,6.522878745280337
CHEMBL389277,190.0,nM,CN(C)C(=O)CCCCCCCC1C[C@H]2CC(=O)CC[C@]2(C)[C@H]2CC[C@]3(C)[C@@H](O)CC[C@H]3[C@H]12,6.721246399047171
CHEMBL390071,420.0,nM,CCN(C)C(=O)CCCCCCCC1C[C@H]2CC(=O)CC[C@]2(C)[C@H]2CC[C@]3(C)[C@@H](O)CC[C@H]3[C@H]12,6.376750709602099
CHEMBL224414,420.0,nM,CC(C)N(C)C(=O)CCCCCCCC1C[C@H]2CC(=O)CC[C@]2(C)[C@H]2CC[C@]3(C)[C@@H](O)CC[C@H]3[C@H]12,6.376750709602099
CHEMBL375282,1100.0,nM,CCCN(C)C(=O)CCCCCCCC1C[C@H]2CC(=O)CC[C@]2(C)[C@H]2CC[C@]3(C)[C@@H](O)CC[C@H]3[C@H]12,5.958607314841775
CHEMBL224770,340.0,nM,CCCCN(C)C(=O)CCCCCCCC1C[C@H]2CC(=O)CC[C@]2(C)[C@H]2CC[C@]3(C)[C@@H](O)CC[C@H]3[C@H]12,6.468521082957745
CHEMBL409,140.0,nM,CC(O)(CS(=O)(=O)c1ccc(F)cc1)C(=O)Nc1ccc(C#N)c(C(F)(F)F)c1,6.853871964321762
CHEMBL491,31.0,nM,CC(C)(O)C(=O)Nc1ccc([N+](=O)[O-])c(C(F)(F)F)c1,7.508638306165727
CHEMBL373460,3500.0,nM,CCCCN(C)C(=O)CCCCCCCCCCC[C@@H]1CC2CC(=O)CC[C@]2(C)[C@H]2CC[C@]3(C)[C@@H](O)CC[C@H]3[C@H]12,5.455931955649724
CHEMBL375675,1300.0,nM,CCCCN(C)C(=O)CCCCCCCCCC[C@@H]1CC2CC(=O)CC[C@]2(C)[C@H]2CC[C@]3(C)[C@@H](O)CC[C@H]3[C@H]12,5.886056647693163
CHEMBL224779,1800.0,nM,CCCCN(C)C(=O)CCCCCCCCC[C@@H]1CC2CC(=O)CC[C@]2(C)[C@H]2CC[C@]3(C)[C@@H](O)CC[C@H]3[C@H]12,5.7447274948966935
CHEMBL389631,3400.0,nM,CCCCN(C)C(=O)CCCCCCCC[C@@H]1CC2CC(=O)CC[C@]2(C)[C@H]2CC[C@]3(C)[C@@H](O)CC[C@H]3[C@H]12,5.468521082957745
CHEMBL223813,340.0,nM,CCCCN(C)C(=O)CCCCCCC[C@@H]1CC2CC(=O)CC[C@]2(C)[C@H]2CC[C@]3(C)[C@@H](O)CC[C@H]3[C@H]12,6.468521082957745
CHEMBL224278,10000.0,nM,C[C@]12CC[C@H]3[C@@H]([C@H](CCCCCCCCCCCCC[S+]([O-])CCCC(F)(F)C(F)(F)F)CC4CC(=O)CC[C@@]43C)[C@@H]1CC[C@@H]2O,5.0
CHEMBL388724,10000.0,nM,C[C@]12CC[C@H]3[C@@H]([C@H](CCCCCCCCCCC[S+]([O-])CCCC(F)(F)C(F)(F)F)CC4CC(=O)CC[C@@]43C)[C@@H]1CC[C@@H]2O,5.0
CHEMBL387850,10000.0,nM,C[C@]12CC[C@H]3[C@@H]([C@H](CCCCCCC[S+]([O-])CCCC(F)(F)C(F)(F)F)CC4CC(=O)CC[C@@]43C)[C@@H]1CC[C@@H]2O,5.0
CHEMBL224015,2900.0,nM,C[C@]12CC[C@H]3[C@@H]([C@H](CCCCCCCCC[S+]([O-])CCCC(F)(F)C(F)(F)F)CC4CC(=O)CC[C@@]43C)[C@@H]1CC[C@@H]2O,5.5376020021010435
CHEMBL27769,10000.0,nM,C[C@]12CCC(=O)C[C@@H]1CC[C@@H]1[C@@H]2CC[C@]2(C)[C@@H](O)CC[C@@H]12,5.0
CHEMBL227408,10000.0,nM,CC1CN(CC(F)(F)F)c2cc3c(C(F)(F)F)cc(=O)[nH]c3cc2O1,5.0
CHEMBL376360,10000.0,nM,CCC1CN(CC(F)(F)F)c2cc3c(C(F)(F)F)cc(=O)[nH]c3cc2O1,5.0
CHEMBL388831,10000.0,nM,CCC1CN(CC)c2cc3c(C(F)(F)F)cc(=O)[nH]c3cc2O1,5.0
CHEMBL227408,10000.0,nM,CC1CN(CC(F)(F)F)c2cc3c(C(F)(F)F)cc(=O)[nH]c3cc2O1,5.0
CHEMBL227784,10000.0,nM,O=c1cc(C(F)(F)F)c2cc3c(cc2[nH]1)OCCN3CC1CC1,5.0
CHEMBL227783,10000.0,nM,O=c1cc(C(F)(F)F)c2cc3c(cc2[nH]1)OCCN3CC(F)(F)F,5.0
CHEMBL375907,10000.0,nM,CC(C)(C)N1CCOc2cc3[nH]c(=O)cc(C(F)(F)F)c3cc21,5.0
CHEMBL227590,10000.0,nM,CCCN1CCOc2cc3[nH]c(=O)cc(C(F)(F)F)c3cc21,5.0
CHEMBL224204,10000.0,nM,CCN1CCOc2cc3[nH]c(=O)cc(C(F)(F)F)c3cc21,5.0
CHEMBL227030,10000.0,nM,CN1CCOc2cc3[nH]c(=O)cc(C(F)(F)F)c3cc21,5.0
CHEMBL390728,10000.0,nM,CCC1CCNc2cc3[nH]c(=O)cc(C(F)(F)F)c3cc21,5.0
CHEMBL1445,10000.0,nM,C[C@]1(O)CC[C@H]2[C@@H]3CCC4=CC(=O)CC[C@]4(C)[C@@]3(F)[C@@H](O)C[C@@]21C,5.0
CHEMBL390754,296.0,nM,O=c1cc(C(F)(F)F)c2cc3c(cc2[nH]1)OCCN3,6.528708288941061
CHEMBL227463,67.0,nM,CCC1CN(C)c2cc3c(C(F)(F)F)cc(=O)[nH]c3cc2O1,7.173925197299173
CHEMBL390577,224.0,nM,O=c1cc(C(F)(F)F)c2cc3c(cc2[nH]1)OCCN3Cc1ccccc1,6.649751981665837
CHEMBL3706874,14.0,nM,CCC1CCc2cc3c(C(F)(F)F)cc(=O)[nH]c3cc2N1,7.853871964321762
CHEMBL409,162.0,nM,CC(O)(CS(=O)(=O)c1ccc(F)cc1)C(=O)Nc1ccc(C#N)c(C(F)(F)F)c1,6.790484985457369
CHEMBL3706911,27.0,nM,CC(C)(C)CNc1ccc2[nH]c(=O)cc(C(F)(F)F)c2c1,7.568636235841013
CHEMBL3706910,22.0,nM,CC(C)CNc1ccc2[nH]c(=O)cc(C(F)(F)F)c2c1,7.657577319177793
CHEMBL3706909,42.0,nM,O=c1cc(C(F)(F)F)c2cc(NC3CCCC3)ccc2[nH]1,7.376750709602099
CHEMBL3706908,17.0,nM,O=c1cc(C(F)(F)F)c2cc(NCC(F)(F)C(F)(F)F)ccc2[nH]1,7.769551078621726
CHEMBL3706907,18.0,nM,O=c1cc(C(F)(F)F)c2cc(NCC(F)(F)F)ccc2[nH]1,7.7447274948966935
CHEMBL3706906,111.0,nM,CCNc1ccc2[nH]c(=O)cc(C(F)(F)F)c2c1,6.954677021213342
CHEMBL385509,26.0,nM,Nc1ccc2nc(O)cc(C(F)(F)F)c2c1,7.585026652029182
CHEMBL3706905,63.0,nM,O=c1cc(C(F)(F)F)c2ccc(N(CC(F)(F)F)CC(F)(F)F)cc2o1,7.200659450546418
CHEMBL3706904,50.0,nM,O=c1cc(C(F)(F)F)c2ccc(NCC(F)(F)F)cc2o1,7.301029995663981
CHEMBL3706903,216.0,nM,CCc1cc2c(C(F)(F)F)cc(=O)[nH]c2cc1NCC(F)(F)F,6.665546248849069
CHEMBL3706902,504.0,nM,CCc1cc2c(C(F)(F)F)cc(=O)[nH]c2cc1NC,6.297569463554475
CHEMBL3706901,301.0,nM,Cc1cc2c(C(F)(F)F)cc(=O)[nH]c2cc1NCC(C)C,6.521433504406157
CHEMBL3706900,674.0,nM,CCCNc1cc2[nH]c(=O)cc(C(F)(F)F)c2cc1C,6.17134010346468
CHEMBL3706899,14.0,nM,CCC(C)c1cc2c(C(F)(F)F)cc(=O)[nH]c2cc1N,7.853871964321762
CHEMBL3706898,19.0,nM,CCCc1cc2c(C(F)(F)F)cc(=O)[nH]c2cc1N,7.721246399047171
CHEMBL3706897,23.0,nM,CCc1cc2c(C(F)(F)F)cc(=O)[nH]c2cc1N,7.638272163982407
CHEMBL3706896,76.0,nM,Cc1cc2c(C(F)(F)F)cc(=O)[nH]c2cc1N,7.119186407719209
CHEMBL3706895,549.0,nM,CCCN(CC(F)(F)F)c1ccc2c(C(F)(F)F)cc(=O)[nH]c2c1,6.260427655549908
CHEMBL3706894,42.0,nM,CCN(CC(F)(F)F)c1ccc2c(C(F)(F)F)cc(=O)[nH]c2c1,7.376750709602099
CHEMBL3706893,591.0,nM,CCN(CC)c1ccc2c(C(F)(F)F)cc(=O)[nH]c2c1,6.228412519118745
CHEMBL3706892,1160.0,nM,CN(C)c1ccc2c(C(F)(F)F)cc(=O)[nH]c2c1,5.935542010773082
CHEMBL3706891,294.0,nM,O=c1cc(C(F)(F)F)c2ccc(NCc3ccccc3)cc2[nH]1,6.531652669587842
CHEMBL3706889,58.0,nM,O=c1cc(C(F)(F)F)c2ccc(NCC(F)(F)C(F)(F)F)cc2[nH]1,7.236572006437063
CHEMBL3706888,21.0,nM,O=c1cc(C(F)(F)F)c2ccc(NCC(F)(F)F)cc2[nH]1,7.6777807052660805
CHEMBL3706887,507.0,nM,O=c1cc(C(F)(F)F)c2ccc(NC3CCCCC3)cc2[nH]1,6.2949920406666635
CHEMBL3706886,149.0,nM,O=c1cc(C(F)(F)F)c2ccc(NC3CCCC3)cc2[nH]1,6.826813731587726
CHEMBL3706885,43.0,nM,O=c1cc(C(F)(F)F)c2ccc(NC3CCC3)cc2[nH]1,7.366531544420414
CHEMBL3706884,122.0,nM,C=CC(C)(C)Nc1ccc2c(C(F)(F)F)cc(=O)[nH]c2c1,6.913640169325252
CHEMBL3706883,209.0,nM,CCC(C)(C)Nc1ccc2c(C(F)(F)F)cc(=O)[nH]c2c1,6.679853713888946
CHEMBL3706882,98.0,nM,CC(C)(C)CNc1ccc2c(C(F)(F)F)cc(=O)[nH]c2c1,7.008773924307505
CHEMBL3706881,74.0,nM,CC(C)CNc1ccc2c(C(F)(F)F)cc(=O)[nH]c2c1,7.130768280269024
CHEMBL3706880,56.0,nM,CC(C)Nc1ccc2c(C(F)(F)F)cc(=O)[nH]c2c1,7.251811972993799
CHEMBL3706879,67.0,nM,CCCCNc1ccc2c(C(F)(F)F)cc(=O)[nH]c2c1,7.173925197299173
CHEMBL3706878,35.0,nM,CCNc1ccc2c(C(F)(F)F)cc(=O)[nH]c2c1,7.455931955649724
CHEMBL3706877,30.0,nM,CNc1ccc2c(C(F)(F)F)cc(=O)[nH]c2c1,7.522878745280337
CHEMBL3706876,28.0,nM,Nc1ccc2c(C(F)(F)F)cc(=O)[nH]c2c1,7.552841968657781
CHEMBL3706875,32.0,nM,CCCNc1ccc2c(C(F)(F)F)cc(=O)[nH]c2c1,7.494850021680094
CHEMBL350877,27.0,nM,CC1(C)C=Cc2cc3c(C(F)(F)F)cc(O)nc3cc2N1,7.568636235841013
CHEMBL446191,25.0,nM,O=c1cc(C(F)(F)F)c2cc(N3CCCC3)ccc2[nH]1,7.6020599913279625
CHEMBL63560,128.0,nM,C[C@](O)(CS(=O)(=O)c1ccc(F)cc1)C(=O)Nc1ccc(C#N)c(C(F)(F)F)c1,6.892790030352131
CHEMBL244895,10000.0,nM,CC1CCCN1c1ccc2[nH]c(=O)cc(C(F)(F)F)c2c1,5.0
CHEMBL27769,10000.0,nM,C[C@]12CCC(=O)C[C@@H]1CC[C@@H]1[C@@H]2CC[C@]2(C)[C@@H](O)CC[C@@H]12,5.0
CHEMBL436784,10000.0,nM,O=c1cc(C(F)(F)F)c2cc(N(CC(F)(F)F)CC(F)(F)F)ccc2[nH]1,5.0
CHEMBL2113293,10000.0,nM,C[C@@H]1CC[C@H]([C@H](O)C(F)(F)F)N1c1ccc2[nH]c(=O)cc(C(F)(F)F)c2c1,5.0
CHEMBL467888,10000.0,nM,C[C@@H]1CC[C@H]([C@@H](O)C(F)(F)F)N1c1ccc2[nH]c(=O)cc(C(F)(F)F)c2c1,5.0
CHEMBL395992,10000.0,nM,C[C@@H]1CC[C@H](CCl)N1c1ccc2[nH]c(=O)cc(C(F)(F)F)c2c1,5.0
CHEMBL243252,10000.0,nM,C[C@@H]1CC[C@H](CO)N1c1ccc2[nH]c(=O)cc(C(F)(F)F)c2c1,5.0
CHEMBL243251,10000.0,nM,C[C@@H]1CC[C@@H](C)N1c1ccc2[nH]c(=O)cc(C(F)(F)F)c2c1,5.0
CHEMBL244896,10000.0,nM,C[C@@H]1CC[C@H](C)N1c1ccc2[nH]c(=O)cc(C(F)(F)F)c2c1,5.0
CHEMBL436784,10000.0,nM,O=c1cc(C(F)(F)F)c2cc(N(CC(F)(F)F)CC(F)(F)F)ccc2[nH]1,5.0
CHEMBL3706928,19.0,nM,CCOC(=O)CN(CC(F)(F)F)c1ccc2[nH]c(=O)cc(C(F)(F)F)c2c1,7.721246399047171
CHEMBL235128,20.0,nM,C[C@H](N(CC(F)(F)F)c1ccc2[nH]c(=O)cc(C(F)(F)F)c2c1)C(F)(F)F,7.698970004336019
CHEMBL235126,7.0,nM,O=c1cc(O)c2cc(N(CC(F)(F)F)CC(F)(F)F)ccc2[nH]1,8.154901959985743
CHEMBL393280,15.0,nM,COc1cc(=O)[nH]c2ccc(N(CC(F)(F)F)CC(F)(F)F)cc12,7.823908740944319
CHEMBL238124,2.0,nM,CC(C)c1cc(=O)[nH]c2ccc(N(CC(F)(F)F)CC(F)(F)F)cc12,8.698970004336019
CHEMBL392004,36.0,nM,CCCc1cc(=O)[nH]c2ccc(N(CC(F)(F)F)CC(F)(F)F)cc12,7.443697499232712
CHEMBL391798,1.0,nM,O=c1ccc2cc(N(CC(F)(F)F)CC(F)(F)F)ccc2[nH]1,9.0
CHEMBL3706929,4.1,nM,O=C(N(CC(F)(F)F)c1ccc2[nH]c(=O)cc(C(F)(F)F)c2c1)C(F)(F)F,8.387216143280265
CHEMBL235346,10000.0,nM,Cc1cc(=O)[nH]c2ccc(N(CC(C)C)CC(F)(F)F)cc12,5.0
CHEMBL235347,10000.0,nM,C[C@@H](CCl)N(CC(F)(F)F)c1ccc2[nH]c(=O)cc(C(F)(F)F)c2c1,5.0
CHEMBL394194,10000.0,nM,C[C@H](CCl)N(CC(F)(F)F)c1ccc2[nH]c(=O)cc(C(F)(F)F)c2c1,5.0
CHEMBL235127,10000.0,nM,C[C@@H](N(CC(F)(F)F)c1ccc2[nH]c(=O)cc(C(F)(F)F)c2c1)C(F)(F)F,5.0
CHEMBL238332,10000.0,nM,O=c1cc(Br)c2cc(N(CC(F)(F)F)CC(F)(F)F)ccc2[nH]1,5.0
CHEMBL238331,10000.0,nM,O=c1cc(Cl)c2cc(N(CC(F)(F)F)CC(F)(F)F)ccc2[nH]1,5.0
CHEMBL238330,10000.0,nM,O=c1cc(C(F)F)c2cc(N(CC(F)(F)F)CC(F)(F)F)ccc2[nH]1,5.0
CHEMBL392004,10000.0,nM,CCCc1cc(=O)[nH]c2ccc(N(CC(F)(F)F)CC(F)(F)F)cc12,5.0
CHEMBL238123,10000.0,nM,CCc1cc(=O)[nH]c2ccc(N(CC(F)(F)F)CC(F)(F)F)cc12,5.0
CHEMBL238122,10000.0,nM,Cc1cc(=O)[nH]c2ccc(N(CC(F)(F)F)CC(F)(F)F)cc12,5.0
CHEMBL3706931,10000.0,nM,CC(=O)C(C)N(CC(F)(F)F)c1ccc2[nH]c(=O)cc(C(F)(F)F)c2c1,5.0
CHEMBL3706930,10000.0,nM,O=c1cc(C(F)(F)F)c2cc(N(Cc3ccoc3)CC(F)(F)F)ccc2[nH]1,5.0
CHEMBL237682,10000.0,nM,O=c1cc(C(F)(F)F)c2cc(N(CCO)CC(F)(F)F)ccc2[nH]1,5.0
CHEMBL3706927,10000.0,nM,O=c1cc(C(F)(F)F)c2cc(N(Cc3cccs3)CC(F)(F)F)ccc2[nH]1,5.0
CHEMBL3706926,10000.0,nM,O=c1cc(C(F)(F)F)c2cc(N(Cc3ccccc3)CC(F)(F)F)ccc2[nH]1,5.0
CHEMBL237681,10000.0,nM,O=c1cc(C(F)(F)F)c2cc(N(CC(F)(F)F)CC(F)(F)C(F)(F)F)ccc2[nH]1,5.0
CHEMBL391940,10000.0,nM,O=c1cc(C(F)(F)F)c2cc(N(CCC(F)(F)F)CC(F)(F)F)ccc2[nH]1,5.0
CHEMBL428026,10000.0,nM,O=c1cc(C(F)(F)F)c2cc(N(CC(Cl)Cl)CC(F)(F)F)ccc2[nH]1,5.0
CHEMBL237474,10000.0,nM,O=c1cc(C(F)(F)F)c2cc(N(CCCl)CC(F)(F)F)ccc2[nH]1,5.0
CHEMBL440980,10000.0,nM,O=c1cc(C(F)(F)F)c2cc(N(CC(F)F)CC(F)(F)F)ccc2[nH]1,5.0
CHEMBL393865,10000.0,nM,CCC(C)N(CC(F)(F)F)c1ccc2[nH]c(=O)cc(C(F)(F)F)c2c1,5.0
CHEMBL237473,10000.0,nM,CC(C)(C)CCN(CC(F)(F)F)c1ccc2[nH]c(=O)cc(C(F)(F)F)c2c1,5.0
CHEMBL237472,10000.0,nM,CC(C)(C)CN(CC(F)(F)F)c1ccc2[nH]c(=O)cc(C(F)(F)F)c2c1,5.0
CHEMBL237262,10000.0,nM,CC(C)N(CC(F)(F)F)c1ccc2[nH]c(=O)cc(C(F)(F)F)c2c1,5.0
CHEMBL393864,10000.0,nM,CCCCN(CC(F)(F)F)c1ccc2[nH]c(=O)cc(C(F)(F)F)c2c1,5.0
CHEMBL237261,10000.0,nM,CCCN(CC(F)(F)F)c1ccc2[nH]c(=O)cc(C(F)(F)F)c2c1,5.0
CHEMBL217769,10000.0,nM,CCN(CC(F)(F)F)c1ccc2nc(O)cc(C(F)(F)F)c2c1,5.0
CHEMBL237259,10000.0,nM,CN(CC(F)(F)F)c1ccc2[nH]c(=O)cc(C(F)(F)F)c2c1,5.0
CHEMBL393664,10000.0,nM,O=c1cc(C(F)(F)F)c2cc(N(CC(F)F)CC(F)(F)Cl)ccc2[nH]1,5.0
CHEMBL237045,10000.0,nM,O=c1cc(C(F)(F)F)c2cc(N(CC(F)F)CC(F)F)ccc2[nH]1,5.0
CHEMBL442240,10000.0,nM,CCCN(CCC)c1ccc2[nH]c(=O)cc(C(F)(F)F)c2c1,5.0
CHEMBL277378,1000.0,nM,CCN(CC)c1ccc2nc(O)cc(C(F)(F)F)c2c1,6.0
CHEMBL27769,10000.0,nM,C[C@]12CCC(=O)C[C@@H]1CC[C@@H]1[C@@H]2CC[C@]2(C)[C@@H](O)CC[C@@H]12,5.0
CHEMBL63560,162.0,nM,C[C@](O)(CS(=O)(=O)c1ccc(F)cc1)C(=O)Nc1ccc(C#N)c(C(F)(F)F)c1,6.790484985457369
CHEMBL63560,10000.0,nM,C[C@](O)(CS(=O)(=O)c1ccc(F)cc1)C(=O)Nc1ccc(C#N)c(C(F)(F)F)c1,5.0
CHEMBL234988,1000.0,nM,Nc1c(C(=O)NCC(O)(CC2(c3cc(F)ccc3Cl)CCC2)C(F)(F)F)cnn1-c1ccccc1,6.0
CHEMBL235208,1000.0,nM,COc1ccc(F)cc1C(C)(C)CC(O)(CNC(=O)c1cnn(-c2ccc(F)cc2)c1N)C(F)(F)F,6.0
CHEMBL235208,1000.0,nM,COc1ccc(F)cc1C(C)(C)CC(O)(CNC(=O)c1cnn(-c2ccc(F)cc2)c1N)C(F)(F)F,6.0
CHEMBL234988,1000.0,nM,Nc1c(C(=O)NCC(O)(CC2(c3cc(F)ccc3Cl)CCC2)C(F)(F)F)cnn1-c1ccccc1,6.0
CHEMBL239957,1000.0,nM,Cn1c(C#N)ccc1-c1ccc2[nH]c(=S)n(C3CCCC3)c2c1,6.0
CHEMBL238365,9.8,nM,N#Cc1ccc(-c2ccccc2Cl)cc1C(F)(F)F,8.008773924307505
CHEMBL238340,8140.0,nM,COCCOCCOc1ccccc1-c1ccc(C#N)c(C(F)(F)F)c1,5.089375595110798
CHEMBL238338,1540.0,nM,N#Cc1ccc(-c2ccccc2OCCO)cc1C(F)(F)F,5.812479279163537
CHEMBL266491,2230.0,nM,COCCOc1ccccc1-c1ccc(C#N)c(C(F)(F)F)c1,5.651695136951839
CHEMBL445409,10000.0,nM,N#Cc1ccc(-c2ccccc2OCC(=O)O)cc1C(F)(F)F,5.0
CHEMBL235784,1310.0,nM,COC(=O)COc1ccccc1-c1ccc(C#N)c(C(F)(F)F)c1,5.882728704344236
CHEMBL394392,989.0,nM,N#Cc1ccc(-c2c(O)cccc2O)cc1C(F)(F)F,6.004803708402821
CHEMBL427678,14.7,nM,COc1cccc(OC)c1-c1ccc(C#N)c(C(F)(F)F)c1,7.8326826652518236
CHEMBL396656,10.9,nM,N#Cc1ccc(-c2ccccc2C(F)(F)F)cc1C(F)(F)F,7.962573502059376
CHEMBL392827,200.0,nM,Cc1ccc(-c2ccc(C#N)c(C(F)(F)F)c2)cc1,6.698970004336019
CHEMBL235601,1900.0,nM,Cc1cccc(-c2ccc(C#N)c(C(F)(F)F)c2)c1,5.721246399047171
CHEMBL235379,146.0,nM,Cc1ccccc1-c1ccc(C#N)c(C(F)(F)F)c1,6.835647144215563
CHEMBL235378,61.2,nM,N#Cc1ccc(-c2ccc(O)cc2)cc1C(F)(F)F,7.213248577854439
CHEMBL391549,229.0,nM,N#Cc1ccc(-c2cccc(O)c2)cc1C(F)(F)F,6.640164517660112
CHEMBL391548,39.9,nM,N#Cc1ccc(-c2ccccc2O)cc1C(F)(F)F,7.399027104313252
CHEMBL235159,56.7,nM,COc1ccc(-c2ccc(C#N)c(C(F)(F)F)c2)cc1,7.246416941107094
CHEMBL443579,955.0,nM,COc1cccc(-c2ccc(C#N)c(C(F)(F)F)c2)c1,6.019996628416254
CHEMBL238366,37.0,nM,COc1ccccc1-c1ccc(C#N)c(C(F)(F)F)c1,7.431798275933005
CHEMBL238366,20.1,nM,COc1ccccc1-c1ccc(C#N)c(C(F)(F)F)c1,7.696803942579511
CHEMBL427678,399.0,nM,COc1cccc(OC)c1-c1ccc(C#N)c(C(F)(F)F)c1,6.399027104313252
CHEMBL396656,1.0,nM,N#Cc1ccc(-c2ccccc2C(F)(F)F)cc1C(F)(F)F,9.0
CHEMBL392827,843.0,nM,Cc1ccc(-c2ccc(C#N)c(C(F)(F)F)c2)cc1,6.074172425375258
CHEMBL235379,1000.0,nM,Cc1ccccc1-c1ccc(C#N)c(C(F)(F)F)c1,6.0
CHEMBL235378,11.9,nM,N#Cc1ccc(-c2ccc(O)cc2)cc1C(F)(F)F,7.924453038607469
CHEMBL391548,0.02,nM,N#Cc1ccc(-c2ccccc2O)cc1C(F)(F)F,10.698970004336019
CHEMBL235159,0.8,nM,COc1ccc(-c2ccc(C#N)c(C(F)(F)F)c2)cc1,9.096910013008056
CHEMBL443579,140.0,nM,COc1cccc(-c2ccc(C#N)c(C(F)(F)F)c2)c1,6.853871964321762
CHEMBL236699,410.0,nM,C[C@]12CCC(=O)C[C@@H]1C[C@@H](CCCCCCCCC(CCCC(F)(F)C(F)(F)F)C(=O)O)[C@@H]1[C@@H]2CC[C@]2(C)[C@@H](O)CC[C@@H]12,6.3872161432802645
CHEMBL235872,120.0,nM,C[C@]12CCC(=O)C=C1C[C@@H](CCCCc1cccc(OCCCCCC(=O)O)c1)[C@@H]1[C@@H]2CC[C@@]2(C)[C@H]1CC[C@]2(C)O,6.920818753952375
CHEMBL235811,350.0,nM,C[C@]12CCC(=O)C=C1C[C@@H](CCCCc1cccc(OCCCCC(=O)O)c1)[C@@H]1[C@@H]2CC[C@@]2(C)[C@H]1CC[C@]2(C)O,6.455931955649724
CHEMBL235871,670.0,nM,C[C@]12CCC(=O)C=C1C[C@@H](CCCCc1cccc(OCCCC(=O)O)c1)[C@@H]1[C@@H]2CC[C@@]2(C)[C@H]1CC[C@]2(C)O,6.173925197299173
CHEMBL238001,96.0,nM,C[C@]12CCC(=O)C=C1C[C@@H](CCCCc1ccc(OCCCCC(=O)O)cc1)[C@@H]1[C@@H]2CC[C@@]2(C)[C@H]1CC[C@]2(C)O,7.017728766960431
CHEMBL237999,660.0,nM,C[C@]12CCC(=O)C=C1C[C@@H](CCCc1ccc(OCCCCC(=O)O)cc1)[C@@H]1[C@@H]2CC[C@@]2(C)[C@H]1CC[C@]2(C)O,6.180456064458132
CHEMBL428021,430.0,nM,C[C@]12CCC(=O)C=C1C[C@@H](CCCc1ccc(OCCCC(=O)O)cc1)[C@@H]1[C@@H]2CC[C@@]2(C)[C@H]1CC[C@]2(C)O,6.366531544420414
CHEMBL235661,300.0,nM,C[C@]12CCC(=O)C=C1C[C@@H](CCCc1ccc(OCCC(=O)O)cc1)[C@@H]1[C@@H]2CC[C@@]2(C)[C@H]1CC[C@]2(C)O,6.522878745280337
CHEMBL391648,600.0,nM,C[C@]12CCC(=O)C=C1C[C@@H](CCCCCCCCCC(=O)O)[C@@H]1[C@@H]2CC[C@@]2(C)[C@H]1CC[C@]2(C)O,6.221848749616356
CHEMBL409,200.0,nM,CC(O)(CS(=O)(=O)c1ccc(F)cc1)C(=O)Nc1ccc(C#N)c(C(F)(F)F)c1,6.698970004336019
CHEMBL491,200.0,nM,CC(C)(O)C(=O)Nc1ccc([N+](=O)[O-])c(C(F)(F)F)c1,6.698970004336019
CHEMBL393320,260.0,nM,CN(C)C(=O)CCCCCCC[C@@H]1C[C@H]2CC(=O)CC[C@]2(C)[C@H]2CC[C@]3(C)[C@@H](O)CC[C@H]3[C@H]12,6.585026652029182
CHEMBL235003,660.0,nM,C[C@]12CCC(=O)C[C@@H]1C[C@@H](CCCCCCCC(=O)O)[C@@H]1[C@@H]2CC[C@]2(C)[C@@H](O)CC[C@@H]12,6.180456064458132
CHEMBL393319,350.0,nM,C[C@]12CCC(=O)C[C@@H]1C[C@@H](CCCCCCCCCC(=O)O)[C@@H]1[C@@H]2CC[C@]2(C)[C@@H](O)CC[C@@H]12,6.455931955649724
CHEMBL236699,10000.0,nM,C[C@]12CCC(=O)C[C@@H]1C[C@@H](CCCCCCCCC(CCCC(F)(F)C(F)(F)F)C(=O)O)[C@@H]1[C@@H]2CC[C@]2(C)[C@@H](O)CC[C@@H]12,5.0
CHEMBL393319,920.0,nM,C[C@]12CCC(=O)C[C@@H]1C[C@@H](CCCCCCCCCC(=O)O)[C@@H]1[C@@H]2CC[C@]2(C)[C@@H](O)CC[C@@H]12,6.036212172654444
CHEMBL235872,530.0,nM,C[C@]12CCC(=O)C=C1C[C@@H](CCCCc1cccc(OCCCCCC(=O)O)c1)[C@@H]1[C@@H]2CC[C@@]2(C)[C@H]1CC[C@]2(C)O,6.275724130399211
CHEMBL235811,330.0,nM,C[C@]12CCC(=O)C=C1C[C@@H](CCCCc1cccc(OCCCCC(=O)O)c1)[C@@H]1[C@@H]2CC[C@@]2(C)[C@H]1CC[C@]2(C)O,6.481486060122113
CHEMBL235871,920.0,nM,C[C@]12CCC(=O)C=C1C[C@@H](CCCCc1cccc(OCCCC(=O)O)c1)[C@@H]1[C@@H]2CC[C@@]2(C)[C@H]1CC[C@]2(C)O,6.036212172654444
CHEMBL235445,420.0,nM,C[C@]12CCC(=O)C=C1C[C@@H](CCCCc1ccc(OCCCCCC(=O)O)cc1)[C@@H]1[C@@H]2CC[C@@]2(C)[C@H]1CC[C@]2(C)O,6.376750709602099
CHEMBL238001,250.0,nM,C[C@]12CCC(=O)C=C1C[C@@H](CCCCc1ccc(OCCCCC(=O)O)cc1)[C@@H]1[C@@H]2CC[C@@]2(C)[C@H]1CC[C@]2(C)O,6.6020599913279625
CHEMBL238000,850.0,nM,C[C@]12CCC(=O)C=C1C[C@@H](CCCCc1ccc(OCCCC(=O)O)cc1)[C@@H]1[C@@H]2CC[C@@]2(C)[C@H]1CC[C@]2(C)O,6.070581074285707
CHEMBL237971,5800.0,nM,C[C@]12CCC(=O)C=C1C[C@@H](CCCc1cccc(OCCCC(=O)O)c1)[C@@H]1[C@@H]2CC[C@@]2(C)[C@H]1CC[C@]2(C)O,5.236572006437063
CHEMBL237999,300.0,nM,C[C@]12CCC(=O)C=C1C[C@@H](CCCc1ccc(OCCCCC(=O)O)cc1)[C@@H]1[C@@H]2CC[C@@]2(C)[C@H]1CC[C@]2(C)O,6.522878745280337
CHEMBL428021,660.0,nM,C[C@]12CCC(=O)C=C1C[C@@H](CCCc1ccc(OCCCC(=O)O)cc1)[C@@H]1[C@@H]2CC[C@@]2(C)[C@H]1CC[C@]2(C)O,6.180456064458132
CHEMBL235661,170.0,nM,C[C@]12CCC(=O)C=C1C[C@@H](CCCc1ccc(OCCC(=O)O)cc1)[C@@H]1[C@@H]2CC[C@@]2(C)[C@H]1CC[C@]2(C)O,6.769551078621726
CHEMBL391648,2000.0,nM,C[C@]12CCC(=O)C=C1C[C@@H](CCCCCCCCCC(=O)O)[C@@H]1[C@@H]2CC[C@@]2(C)[C@H]1CC[C@]2(C)O,5.698970004336019
CHEMBL409,140.0,nM,CC(O)(CS(=O)(=O)c1ccc(F)cc1)C(=O)Nc1ccc(C#N)c(C(F)(F)F)c1,6.853871964321762
CHEMBL491,31.0,nM,CC(C)(O)C(=O)Nc1ccc([N+](=O)[O-])c(C(F)(F)F)c1,7.508638306165727
CHEMBL393320,190.0,nM,CN(C)C(=O)CCCCCCC[C@@H]1C[C@H]2CC(=O)CC[C@]2(C)[C@H]2CC[C@]3(C)[C@@H](O)CC[C@H]3[C@H]12,6.721246399047171
CHEMBL235003,730.0,nM,C[C@]12CCC(=O)C[C@@H]1C[C@@H](CCCCCCCC(=O)O)[C@@H]1[C@@H]2CC[C@]2(C)[C@@H](O)CC[C@@H]12,6.136677139879544
CHEMBL401458,2.0,nM,CC(C)C(O)(c1nc2cc(Cl)c(Cl)cc2[nH]1)C(F)(F)F,8.698970004336019
CHEMBL246800,17.0,nM,CCSCC(O)(c1nc2cc(Cl)c(Cl)cc2[nH]1)C(F)(F)F,7.769551078621726
CHEMBL246007,7.0,nM,C=CC(O)(c1nc2cc(Cl)c(Cl)cc2[nH]1)C(F)(F)F,8.154901959985743
CHEMBL250104,7700.0,nM,O=C(O)CCc1cc(Br)c(OCc2cccc(Br)c2)c(Br)c1,5.113509274827518
CHEMBL246138,33.0,nM,C=C[C@]12CC[C@H](O)CC1=CC[C@H]1[C@@H]3CC[C@H](O)[C@@]3(C)CC[C@@H]12,7.481486060122112
CHEMBL386630,2.7,nM,C[C@]12CC[C@H]3[C@@H](CCC4=CC(=O)CC[C@@]43C)[C@@H]1CC[C@@H]2O,8.568636235841012
CHEMBL135,19.1,nM,C[C@]12CC[C@@H]3c4ccc(O)cc4CC[C@H]3[C@@H]1CC[C@@H]2O,7.718966632752273
CHEMBL397343,710.0,nM,C[C@]12CC[C@H]3[C@@H](CC=C4C[C@@H]5CC[C@@]43CCO5)[C@@H]1CC[C@@H]2O,6.1487416512809245
CHEMBL245575,1120.0,nM,C[C@]12CC[C@H]3[C@@H](CC=C4[C@H]5CC[C@]43CC[C@H]5O)[C@@H]1CC[C@@H]2O,5.950781977329818
CHEMBL245378,1375.0,nM,C[C@]12CC[C@H]3[C@@H](CC=C4[C@H]5CC[C@]43CC[C@@H]5O)[C@@H]1CC[C@@H]2O,5.861697301833718
CHEMBL393278,68.0,nM,C[C@]12CC[C@H]3[C@@H](CC[C@H]4[C@H]5CCC[C@]43CC[C@@H]5O)[C@@H]1CC[C@@H]2O,7.167491087293763
CHEMBL246341,85.0,nM,C[C@]12CC[C@H]3[C@@H](CC=C4[C@H]5CC=C[C@]43CC[C@@H]5O)[C@@H]1CC[C@@H]2O,7.070581074285707
CHEMBL392000,15.0,nM,C=CC[C@@H]1C2=CC[C@H]3[C@@H]4CC[C@H](O)[C@@]4(C)CC[C@@H]3[C@@]2(C=C)CC[C@@H]1O,7.823908740944319
CHEMBL246140,7.9,nM,C=C[C@]12CCC(=O)C=C1CC[C@H]1[C@@H]3CC[C@H](O)[C@@]3(C)CC[C@@H]12,8.102372908709558
CHEMBL246139,718.0,nM,C/C=C\[C@]12CC[C@H](O)CC1=CC[C@H]1[C@@H]3CC[C@H](O)[C@@]3(C)CC[C@@H]12,6.1438755557577
CHEMBL391795,88.0,nM,CC[C@]12CC[C@H](O)CC1=CC[C@@H]1[C@@H]2CC[C@]2(C)[C@@H](O)CC[C@@H]12,7.055517327849832
CHEMBL245576,1000.0,nM,C[C@]12CC[C@H]3[C@@H](CC=C4[C@@H]5C(=O)CC[C@@]43C[C@H]5O)[C@@H]1CC[C@@H]2O,6.0
CHEMBL245771,1000.0,nM,C[C@]12CC[C@H]3[C@@H](CC=C4C[C@@H]5CC[C@@]43CC(=O)O5)[C@@H]1CC[C@@H]2O,6.0
CHEMBL438863,1000.0,nM,C[C@]12CC[C@H]3[C@@H](CC4C5=CC(=O)CC[C@@]53C[C@H]4O)[C@@H]1CC[C@@H]2O,6.0
CHEMBL245577,1000.0,nM,C[C@]12CC[C@H]3[C@@H](CC=C4[C@@H]5C(=O)CC[C@@]43C[C@@H]5O)[C@@H]1CC[C@@H]2O,6.0
CHEMBL247785,1500.0,nM,O=c1cc(C(F)(F)F)c2c3c(ccc2[nH]1)NCCO3,5.823908740944319
CHEMBL250084,113.0,nM,CCC[C@@H]1COc2c(ccc3[nH]c(=O)cc(C(F)(F)F)c23)N1,6.94692155651658
CHEMBL250083,1480.0,nM,O=c1cc(C(F)(F)F)c2c3c(ccc2[nH]1)N[C@H](c1ccccc1)CO3,5.8297382846050425
CHEMBL246607,84.0,nM,CC[C@@H]1COc2c(ccc3[nH]c(=O)cc(C(F)(F)F)c23)N1,7.075720713938118
CHEMBL247786,72.0,nM,C[C@@H]1COc2c(ccc3[nH]c(=O)cc(C(F)(F)F)c23)N1,7.142667503568732
CHEMBL27769,10000.0,nM,C[C@]12CCC(=O)C[C@@H]1CC[C@@H]1[C@@H]2CC[C@]2(C)[C@@H](O)CC[C@@H]12,5.0
CHEMBL247637,10000.0,nM,O=c1cc(C(F)(F)F)c2c3c(ccc2[nH]1)N(CC1CC1)C(c1ccccc1)CO3,5.0
CHEMBL247454,10000.0,nM,O=c1cc(C(F)(F)F)c2c3c(ccc2[nH]1)N(CC1CC1)[C@@H](c1ccccc1)CO3,5.0
CHEMBL247995,10000.0,nM,O=c1cc(C(F)(F)F)c2c3c(ccc2[nH]1)N(CC(F)(F)F)[C@H](Cc1ccccc1)CO3,5.0
CHEMBL247994,10000.0,nM,C=CCN1c2ccc3[nH]c(=O)cc(C(F)(F)F)c3c2OC[C@H]1C(C)C,5.0
CHEMBL397561,10000.0,nM,CC(C)[C@@H]1COc2c(ccc3[nH]c(=O)cc(C(F)(F)F)c23)N1CC(F)(F)F,5.0
CHEMBL247993,10000.0,nM,CCN1c2ccc3[nH]c(=O)cc(C(F)(F)F)c3c2OC[C@H]1C(C)C,5.0
CHEMBL394505,10000.0,nM,CC[C@@H]1COc2c(ccc3[nH]c(=O)cc(C(F)(F)F)c23)N1CC(C)(C)O,5.0
CHEMBL247633,10000.0,nM,CC[C@@H]1COc2c(ccc3[nH]c(=O)cc(C(F)(F)F)c23)N1CC(C)C,5.0
CHEMBL394504,10000.0,nM,CCCN1c2ccc3[nH]c(=O)cc(C(F)(F)F)c3c2OC[C@H]1CC,5.0
CHEMBL440958,10000.0,nM,C=CCN1c2ccc3[nH]c(=O)cc(C(F)(F)F)c3c2OC[C@H]1CC,5.0
CHEMBL250897,10000.0,nM,CC[C@@H]1COc2c(ccc3[nH]c(=O)cc(C(F)(F)F)c23)N1CC(F)(F)F,5.0
CHEMBL250702,10000.0,nM,CC[C@@H]1COc2c(ccc3[nH]c(=O)cc(C(F)(F)F)c23)N1CC,5.0
CHEMBL395596,10000.0,nM,C[C@@H]1COc2c(ccc3[nH]c(=O)cc(C(F)(F)F)c23)N1CC(F)(F)F,5.0
CHEMBL224263,10000.0,nM,C[C@@H]1COc2cc3[nH]c(=O)cc(C(F)(F)F)c3cc2N1CC(F)(F)F,5.0
CHEMBL247453,65.0,nM,O=c1cc(C(F)(F)F)c2c3c(ccc2[nH]1)N(CC(F)(F)F)[C@H](c1ccccc1)CO3,7.187086643357144
CHEMBL397563,45.0,nM,O=c1cc(C(F)(F)F)c2c3c(ccc2[nH]1)N(CC1CC1)[C@H](c1ccccc1)CO3,7.346787486224656
CHEMBL248868,78.0,nM,CCCN(CCC)c1cc(C(F)(F)F)c(C#N)cn1,7.107905397309519
CHEMBL9337,15.9,nM,CC1(C)C(=O)N(c2ccc(C#N)c(C(F)(F)F)c2)C(=O)N1CCCCO,7.798602875679548
CHEMBL248878,4926.0,nM,C[C@@H](Nc1cc(C(F)(F)F)c(C#N)cn1)c1ccccc1,5.3075055924969154
CHEMBL400098,1700.0,nM,C[C@@H](c1ccccc1)N(C)c1cc(C(F)(F)F)c(C#N)cn1,5.769551078621726
CHEMBL248690,20.0,nM,C[C@H](c1ccccc1)N(C)c1cc(C(F)(F)F)c(C#N)cn1,7.698970004336019
CHEMBL399876,123.0,nM,CC(c1ccccc1)N(C)c1cc(C(F)(F)F)c(C#N)cn1,6.910094888560602
CHEMBL248841,169.0,nM,N#Cc1cnc(N2CCC3CCCCC3C2)cc1C(F)(F)F,6.772113295386326
CHEMBL249072,73.0,nM,CC1CCN(c2cc(C(F)(F)F)c(C#N)cn2)CC1,7.136677139879544
CHEMBL398432,209.0,nM,N#Cc1cnc(N2CCCCC2)cc1C(F)(F)F,6.679853713888946
CHEMBL249071,3.8,nM,CCCCN(C)c1cc(C(F)(F)F)c(C#N)cn1,8.42021640338319
CHEMBL249070,7.0,nM,CCC(C)N(C)c1cc(C(F)(F)F)c(C#N)cn1,8.154901959985743
CHEMBL398431,0.8,nM,CCCN(CC1CC1)c1cc(C(F)(F)F)c(C#N)cn1,9.096910013008056
CHEMBL248868,1000.0,nM,CCCN(CCC)c1cc(C(F)(F)F)c(C#N)cn1,6.0
CHEMBL398432,422.0,nM,N#Cc1cnc(N2CCCCC2)cc1C(F)(F)F,6.374687549038326
CHEMBL249071,1000.0,nM,CCCCN(C)c1cc(C(F)(F)F)c(C#N)cn1,6.0
CHEMBL249070,1000.0,nM,CCC(C)N(C)c1cc(C(F)(F)F)c(C#N)cn1,6.0
CHEMBL398431,1000.0,nM,CCCN(CC1CC1)c1cc(C(F)(F)F)c(C#N)cn1,6.0
CHEMBL9337,31.1,nM,CC1(C)C(=O)N(c2ccc(C#N)c(C(F)(F)F)c2)C(=O)N1CCCCO,7.507239610973162
CHEMBL248690,45.0,nM,C[C@H](c1ccccc1)N(C)c1cc(C(F)(F)F)c(C#N)cn1,7.346787486224656
CHEMBL399876,229.0,nM,CC(c1ccccc1)N(C)c1cc(C(F)(F)F)c(C#N)cn1,6.640164517660112
CHEMBL248841,260.0,nM,N#Cc1cnc(N2CCC3CCCCC3C2)cc1C(F)(F)F,6.585026652029182
CHEMBL249072,136.0,nM,CC1CCN(c2cc(C(F)(F)F)c(C#N)cn2)CC1,6.866461091629782
CHEMBL399439,43.0,nM,N#Cc1ccc(O[C@H]2CCCC[C@@H]2C#N)cc1C(F)(F)F,7.366531544420414
CHEMBL399887,60.0,nM,N#Cc1ccc(O[C@@H]2CCCC[C@H]2C#N)cc1C(F)(F)F,7.221848749616356
CHEMBL251552,58.0,nM,N#Cc1ccc(OC2CCCCC2C#N)cc1C(F)(F)F,7.236572006437063
CHEMBL399439,196.0,nM,N#Cc1ccc(O[C@H]2CCCC[C@@H]2C#N)cc1C(F)(F)F,6.707743928643524
CHEMBL399887,12.0,nM,N#Cc1ccc(O[C@@H]2CCCC[C@H]2C#N)cc1C(F)(F)F,7.920818753952375
CHEMBL251552,13.0,nM,N#Cc1ccc(OC2CCCCC2C#N)cc1C(F)(F)F,7.886056647693163
CHEMBL246138,33.0,nM,C=C[C@]12CC[C@H](O)CC1=CC[C@H]1[C@@H]3CC[C@H](O)[C@@]3(C)CC[C@@H]12,7.481486060122112
CHEMBL386630,2.7,nM,C[C@]12CC[C@H]3[C@@H](CCC4=CC(=O)CC[C@@]43C)[C@@H]1CC[C@@H]2O,8.568636235841012
CHEMBL135,26.0,nM,C[C@]12CC[C@@H]3c4ccc(O)cc4CC[C@H]3[C@@H]1CC[C@@H]2O,7.585026652029182
CHEMBL246140,7.9,nM,C=C[C@]12CCC(=O)C=C1CC[C@H]1[C@@H]3CC[C@H](O)[C@@]3(C)CC[C@@H]12,8.102372908709558
CHEMBL250110,2250.0,nM,CC1=CC2=CC[C@H]3[C@@H]4CC[C@H](O)[C@@]4(C)CC[C@@H]3[C@@]2(C)CC1,5.647817481888637
CHEMBL249700,40.0,nM,C=C1C=C2CC[C@H]3[C@@H]4CC[C@H](O)[C@@]4(C)CC[C@@H]3[C@@]2(C)CC1,7.3979400086720375
CHEMBL400480,330.0,nM,C=C[C@]12CCC(=C)C=C1CC[C@H]1[C@@H]3CC[C@H](O)[C@@]3(C)CC[C@@H]12,6.481486060122113
CHEMBL440283,230.0,nM,C[C@]12CC[C@H]3[C@@H](CC=C4C[C@@H](O)CC[C@@]43C)[C@@H]1CC[C@@H]2O,6.638272163982407
CHEMBL398841,290.0,nM,C#C[C@]1(O)CC[C@H]2[C@@H]3CC=C4C[C@@H](O)CC[C@]4(C=C)[C@H]3CC[C@@]21C,6.5376020021010435
CHEMBL250109,170.0,nM,C=C[C@]12CC[C@H](O)CC1=CC[C@@H]1[C@@H]2CC[C@@]2(C)[C@H]1CC[C@]2(C)O,6.769551078621726
CHEMBL249904,1615.0,nM,C#C[C@]1(O)CC[C@H]2[C@@H]3CC=C4C=C(C)CC[C@]4(C=C)[C@H]3CC[C@@]21C,5.791827473332878
CHEMBL398634,520.0,nM,C=C[C@]12CCC(C)=CC1=CC[C@@H]1[C@@H]2CC[C@@]2(C)[C@H]1CC[C@]2(C)O,6.2839966563652006
CHEMBL398840,3160.0,nM,C=C[C@]12CCC(c3ccccc3)=CC1=CC[C@H]1[C@@H]3CC[C@H](O)[C@@]3(C)CC[C@@H]12,5.5003129173815966
CHEMBL249903,500.0,nM,C=C[C@]12CCC(CC)=CC1=CC[C@H]1[C@@H]3CC[C@H](O)[C@@]3(C)CC[C@@H]12,6.301029995663981
CHEMBL398456,560.0,nM,C=C[C@]12CCC(C)=CC1=CC[C@H]1[C@@H]3CC[C@H](O)[C@@]3(C)CC[C@@H]12,6.251811972993799
CHEMBL251515,2610.0,nM,C=C[C@]12CC[C@@](C)(O)CC1=CC[C@H]1[C@@H]3CC[C@H](O)[C@@]3(C)CC[C@@H]12,5.583359492661719
CHEMBL398455,842.0,nM,C=C[C@]12CC[C@](C)(O)CC1=CC[C@H]1[C@@H]3CC[C@H](O)[C@@]3(C)CC[C@@H]12,6.0746879085003505
CHEMBL367364,152.0,nM,O=C1[C@@H]2C3CCC(C3)[C@@H]2C(=O)N1c1cccc(C(F)(F)F)c1,6.818156412055227
CHEMBL272574,19.0,nM,CC12C[C@@H](O)C(C)(O1)[C@H]1C(=O)N(c3ccc(C#N)c(I)c3)C(=O)[C@H]12,7.721246399047171
CHEMBL255331,10.0,nM,CC12C[C@H](O)C(C)(O1)[C@@H]1C(=O)N(c3ccc(C#N)c(I)c3)C(=O)[C@@H]12,8.0
CHEMBL403039,40.0,nM,CC12CCC(C)(O1)[C@H]1C(=O)N(c3ccc([N+](=O)[O-])c4c(Br)cccc34)C(=O)[C@H]12,7.3979400086720375
CHEMBL255216,88.0,nM,CC12CCC(C)(O1)[C@H]1C(=O)N(c3ccc(C#N)n4nccc34)C(=O)[C@H]12,7.055517327849832
CHEMBL446626,16.0,nM,CC12CCC(C)(O1)[C@H]1C(=O)N(c3ccc(C#N)c4nsnc34)C(=O)[C@H]12,7.795880017344075
CHEMBL271261,70.0,nM,CC12CCC(C)(O1)[C@H]1C(=O)N(c3c(N)ccc4nccn34)C(=O)[C@H]12,7.154901959985743
CHEMBL271262,120.0,nM,CC12CCC(C)(O1)[C@H]1C(=O)N(c3c(N)ccc4ncsc34)C(=O)[C@H]12,6.920818753952375
CHEMBL403061,20.0,nM,COc1cc(N2C(=O)[C@@H]3[C@H](C2=O)C2(C)CCC3(C)O2)ccc1-c1cnco1,7.698970004336019
CHEMBL403213,38.0,nM,CC12CCC(C)(O1)[C@H]1C(=O)N(c3cnc(C#N)c(Cl)c3)C(=O)[C@H]12,7.42021640338319
CHEMBL403214,11.0,nM,CC12CCC(C)(O1)[C@H]1C(=O)N(c3ccc([N+](=O)[O-])c(C(F)(F)F)c3)C(=O)[C@H]12,7.958607314841775
CHEMBL257668,16.0,nM,CC12CCC(C)(O1)[C@H]1C(=O)N(c3cc(Cl)cc(Cl)c3)C(=O)[C@H]12,7.795880017344075
CHEMBL272509,19.0,nM,CSc1cc(N2C(=O)[C@@H]3[C@H](C2=O)C2(C)CCC3(C)O2)ccc1C#N,7.721246399047171
CHEMBL403668,7.0,nM,CC12CCC(C)(O1)[C@H]1C(=O)N(c3ccc(C#N)c(I)c3)C(=O)[C@H]12,8.154901959985743
CHEMBL403669,7.0,nM,CC12CCC(C)(O1)[C@H]1C(=O)N(c3ccc(C#N)c(C(F)(F)F)c3)C(=O)[C@H]12,8.154901959985743
CHEMBL272510,36.0,nM,CC12CCC(C)(O1)[C@H]1C(=O)N(c3cccc(C(F)(F)F)c3)C(=O)[C@H]12,7.443697499232712
CHEMBL404506,343.0,nM,CC12CCC(O1)[C@H]1C(=O)N(c3cccc(C(F)(F)F)c3)C(=O)[C@H]12,6.464705879957229
CHEMBL255157,11500.0,nM,O=C1[C@@H]2C3CCC(O3)[C@@H]2C(=O)N1c1cccc(C(F)(F)F)c1,4.939302159646388
CHEMBL427721,2860.0,nM,N#Cc1ccc(N2C(=O)[C@@H]3C4CCC(O4)[C@@H]3C2=O)cc1C(F)(F)F,5.543633966870957
CHEMBL271925,3310.0,nM,O=C1[C@@H]2C3CCC(O3)[C@@H]2C(=O)N1c1ccc(Cl)c(C(F)(F)F)c1,5.480172006224281
CHEMBL271924,1150.0,nM,O=C1[C@@H]2C3CCC(O3)[C@@H]2C(=O)N1c1ccc(Cl)c([N+](=O)[O-])c1,5.939302159646388
CHEMBL255367,500.0,nM,Cc1cc(N2C(=O)[C@@H]3C4CCC(O4)[C@@H]3C2=O)ccc1Cl,6.301029995663981
CHEMBL437214,2290.0,nM,Cc1ccc(N2C(=O)[C@@H]3C4CCC(O4)[C@@H]3C2=O)cc1Cl,5.640164517660112
CHEMBL270450,480.0,nM,O=C1[C@@H]2C3CCC(O3)[C@@H]2C(=O)N1c1ccc(Cl)c(Cl)c1,6.318758762624412
CHEMBL270586,350.0,nM,O=C1[C@@H]2C3CCC(O3)[C@@H]2C(=O)N1c1ccc(I)c(Cl)c1,6.455931955649724
CHEMBL402930,670.0,nM,O=C1[C@@H]2C3CCC(O3)[C@@H]2C(=O)N1c1ccc(Br)c2ccccc12,6.173925197299173
CHEMBL402807,5000.0,nM,O=C1[C@@H]2C3CCC(O3)[C@@H]2C(=O)N1c1ccc([N+](=O)[O-])c2ccccc12,5.301029995663981
CHEMBL491,26.0,nM,CC(C)(O)C(=O)Nc1ccc([N+](=O)[O-])c(C(F)(F)F)c1,7.585026652029182
CHEMBL409,173.0,nM,CC(O)(CS(=O)(=O)c1ccc(F)cc1)C(=O)Nc1ccc(C#N)c(C(F)(F)F)c1,6.761953896871205
CHEMBL404315,774.0,nM,CC(C)(C)OC(=O)N1CC2CC1[C@@H]1C(=O)N(c3ccc(C#N)c(C(F)(F)F)c3)C(=O)N21,6.111259039317107
CHEMBL255776,130.0,nM,O=C1[C@H]2C3CCC(C3)N2C(=O)N1c1cccc(C(F)(F)F)c1,6.886056647693163
CHEMBL1276308,6.9,nM,CC#C[C@]1(O)CC[C@H]2[C@@H]3CCC4=CC(=O)CCC4=C3[C@@H](c3ccc(N(C)C)cc3)C[C@@]21C,8.161150909262744
CHEMBL267431,6.1,nM,COC[C@]1(OC)CC[C@H]2[C@@H]3CCC4=CC(=O)CCC4=C3[C@@H](c3ccc(/C=N/O)cc3)C[C@@]21C,8.214670164989233
CHEMBL407848,196.0,nM,Cn1c(C#N)ccc1-c1cc(F)c2c(c1)C(C)(C)C(=O)N2,6.707743928643524
CHEMBL263660,250.0,nM,O=C(CN1c2ccccc2Sc2ccc(C(F)(F)F)cc21)c1cccc2ccccc12,6.6020599913279625
CHEMBL263660,251.19,nM,O=C(CN1c2ccccc2Sc2ccc(C(F)(F)F)cc21)c1cccc2ccccc12,6.599997654072044
CHEMBL121626,47000.0,nM,Cc1c(Cl)cccc1Nc1ccccc1C(=O)O,4.327902142064283
CHEMBL404512,60.0,nM,O=c1cc(C(F)(F)F)c2cc3c(cc2[nH]1)OC[C@@H](CO)N3CC(F)(F)F,7.221848749616356
CHEMBL409,162.0,nM,CC(O)(CS(=O)(=O)c1ccc(F)cc1)C(=O)Nc1ccc(C#N)c(C(F)(F)F)c1,6.790484985457369
CHEMBL224263,70.0,nM,C[C@@H]1COc2cc3[nH]c(=O)cc(C(F)(F)F)c3cc2N1CC(F)(F)F,7.154901959985743
CHEMBL257988,34.0,nM,O=c1cc(C(F)(F)F)c2cc3c(cc2[nH]1)OC[C@@H](C(F)(F)F)N3CC(F)(F)F,7.468521082957745
CHEMBL256329,44.0,nM,Cc1ccc([C@H]2COc3cc4[nH]c(=O)cc(C(F)(F)F)c4cc3N2CC(F)(F)F)cc1,7.356547323513812
CHEMBL257387,574.0,nM,Cc1cccc([C@H]2COc3cc4[nH]c(=O)cc(C(F)(F)F)c4cc3N2CC(F)(F)F)c1,6.241088107602026
CHEMBL404222,340.0,nM,O=c1cc(C(F)(F)F)c2cc3c(cc2[nH]1)OC[C@H](c1ccccc1)N3CC(F)(F)F,6.468521082957745
CHEMBL256082,51.0,nM,O=c1cc(C(F)(F)F)c2cc3c(cc2[nH]1)OC[C@@H](Cc1ccccc1)N3CC(F)(F)F,7.292429823902063
CHEMBL254798,199.0,nM,O=c1cc(C(F)(F)F)c2cc3c(cc2[nH]1)OC[C@@H](CF)N3CC(F)(F)F,6.701146923590294
CHEMBL255918,25.0,nM,CSCC1COc2cc3[nH]c(=O)cc(C(F)(F)F)c3cc2N1CC(F)(F)F,7.6020599913279625
CHEMBL404568,17.0,nM,COC[C@H]1COc2cc3[nH]c(=O)cc(C(F)(F)F)c3cc2N1CC(F)(F)F,7.769551078621726
CHEMBL436644,165.0,nM,O=c1cc(C(F)(F)F)c2cc3c(cc2[nH]1)OC[C@H](CO)N3CC(F)(F)F,6.782516055786093
CHEMBL450334,10000.0,nM,O=c1cc(C(F)(F)F)c2c3c(ccc2[nH]1)-c1ccccc1CO3,5.0
CHEMBL27769,10000.0,nM,C[C@]12CCC(=O)C[C@@H]1CC[C@@H]1[C@@H]2CC[C@]2(C)[C@@H](O)CC[C@@H]12,5.0
CHEMBL450933,10000.0,nM,COc1cccc2oc(=O)c3c(ccc4[nH]c(=O)cc(C)c43)c12,5.0
CHEMBL258241,27.0,nM,Cc1cc(=O)[nH]c2ccc3c4cc(F)ccc4oc(=O)c3c12,7.568636235841013
CHEMBL409,162.0,nM,CC(O)(CS(=O)(=O)c1ccc(F)cc1)C(=O)Nc1ccc(C#N)c(C(F)(F)F)c1,6.790484985457369
CHEMBL402136,78.0,nM,COc1cccc2c1-c1ccc3[nH]c(=O)cc(C(F)(F)F)c3c1OC2,7.107905397309519
CHEMBL258384,144.0,nM,C=CCC1Oc2cccc(OC)c2-c2ccc3[nH]c(=O)cc(C)c3c21,6.841637507904751
CHEMBL253744,62.0,nM,COc1cccc2c1-c1ccc3[nH]c(=O)cc(C)c3c1C(C)O2,7.2076083105017466
CHEMBL253746,19.0,nM,COc1cccc2c1-c1ccc3[nH]c(=O)cc(C)c3c1C(OC)O2,7.721246399047171
CHEMBL427731,19.0,nM,COc1c(O)ccc2c1-c1ccc3[nH]c(=O)cc(C)c3c1CO2,7.721246399047171
CHEMBL256768,20.0,nM,COc1c(OC(C)C)ccc2oc(=O)c3c(ccc4[nH]c(=O)cc(C)c43)c12,7.698970004336019
CHEMBL258397,48.0,nM,COc1ccc2oc(=O)c3c(ccc4[nH]c(=O)cc(C)c43)c2c1,7.318758762624412
CHEMBL258241,101.0,nM,Cc1cc(=O)[nH]c2ccc3c4cc(F)ccc4oc(=O)c3c12,6.995678626217358
CHEMBL27769,0.05,nM,C[C@]12CCC(=O)C[C@@H]1CC[C@@H]1[C@@H]2CC[C@]2(C)[C@@H](O)CC[C@@H]12,10.301029995663981
CHEMBL409,232.0,nM,CC(O)(CS(=O)(=O)c1ccc(F)cc1)C(=O)Nc1ccc(C#N)c(C(F)(F)F)c1,6.634512015109101
CHEMBL402136,477.0,nM,COc1cccc2c1-c1ccc3[nH]c(=O)cc(C(F)(F)F)c3c1OC2,6.321481620959886
CHEMBL450334,40.0,nM,O=c1cc(C(F)(F)F)c2c3c(ccc2[nH]1)-c1ccccc1CO3,7.3979400086720375
CHEMBL257751,22.0,nM,O=c1cc(C(F)(F)F)c2c(ccc3c2oc(=O)c2cccc(O)c23)[nH]1,7.657577319177793
CHEMBL403219,89.0,nM,COc1cccc2c(=O)oc3c(ccc4[nH]c(=O)cc(C(F)(F)F)c43)c12,7.050609993355087
CHEMBL253535,1.1,nM,O=c1cc(C(F)(F)F)c2c3c(ccc2[nH]1)-c1c(O)cccc1OC3,8.958607314841775
CHEMBL401629,14.0,nM,COc1cccc2c1-c1ccc3[nH]c(=O)cc(C(F)(F)F)c3c1CO2,7.853871964321762
CHEMBL253746,112.0,nM,COc1cccc2c1-c1ccc3[nH]c(=O)cc(C)c3c1C(OC)O2,6.950781977329818
CHEMBL258190,50.0,nM,COc1cccc2c1-c1ccc3[nH]c(=O)cc(C)c3c1C(O)O2,7.301029995663981
CHEMBL427731,1.2,nM,COc1c(O)ccc2c1-c1ccc3[nH]c(=O)cc(C)c3c1CO2,8.920818753952375
CHEMBL257151,0.3,nM,Cc1cc(=O)[nH]c2ccc3c(c12)COc1cccc(CO)c1-3,9.522878745280337
CHEMBL256947,12.0,nM,COc1cccc2c1-c1ccc3[nH]c(=O)cc(C)c3c1CO2,7.920818753952375
CHEMBL256768,2.8,nM,COc1c(OC(C)C)ccc2oc(=O)c3c(ccc4[nH]c(=O)cc(C)c43)c12,8.55284196865778
CHEMBL256977,10.0,nM,CCOc1ccc2oc(=O)c3c(ccc4[nH]c(=O)cc(C)c43)c2c1OC,8.0
CHEMBL256769,0.2,nM,COc1c(C(=O)OC(F)(F)F)ccc2oc(=O)c3c(ccc4[nH]c(=O)cc(C)c43)c12,9.698970004336019
CHEMBL427898,0.2,nM,COc1c(O)ccc2oc(=O)c3c(ccc4[nH]c(=O)cc(C)c43)c12,9.698970004336019
CHEMBL401711,1.9,nM,Cc1cc(=O)[nH]c2ccc3c4c(C(=O)OC(C)(C)C)cccc4oc(=O)c3c12,8.721246399047171
